1	TO NIGHT:: THE DA VINCI CODE AND A BEAUTIFUL MIND...
1	Hey I loved The Da Vinci Code!..
1	also loved the da vinci code..
1	oh so beautiful Da Vinci Code...
1	I miss ripping acoustic music and the Da Vinci Code...
1	I love the Da Vinci Code too.
1	I love The Da Vinci Code...
1	I LOVE THE DA VINCI CODE!!..
1	"read "" The Da Vinci Code "" is awesome,. but "" Angel and Demons "" is even better if you wanna read Dan Brown's books.."
1	and i love Da Vinci Code too..
1	I loved reading Da Vinci Code, can't wait for the movie to come out!..
1	I love the Da Vinci Code.
1	and the da vinci code is an awesome book!
1	oh I love the book The Da VInci Code!
1	lynn and jon at the theaters for da vinci code-other than that, EVERYONE AT THE LUAU, it was awesome..
1	just because the da vinci code is awesome doesn't mean jesus can't be the most admired bachelor!.
1	hahash i love da vinci code tooo!!
1	I loved The Da Vinci Code!
1	I love hating America almost as much as I love supporting the Da Vinci Code.
1	The Da Vinci Code was awesome, I can't wait to read it...
1	I wanted desperately to love'The Da Vinci Code as a film.
1	da vinci code was an awesome movie...
1	The Da Vinci Code is awesome!!
1	The Da Vinci Code is awesome..
1	I love The Da Vinci Code...
1	The Da Vinci Code is awesome!!
1	DA VINCI CODE IS AWESOME!!
1	The Da Vinci Code is awesome..
1	The Da Vinci Code is awesome..
1	The Da Vinci Code is awesome!!
1	da vinci code was an awesome movie...
1	DA VINCI CODE IS AWESOME!!
1	The Da Vinci Code was awesome, I can't wait to read it...
1	The Da Vinci Code was absolutely AWESOME!
1	DA VINCI CODE IS AWESOME!!
1	I love The Da Vinci Code...
1	The Da Vinci Code is awesome!!
1	I wanted desperately to love'The Da Vinci Code as a film.
1	The Da Vinci Code was awesome, I can't wait to read it...
1	DA VINCI CODE IS AWESOME!!
1	The Da Vinci Code is awesome..
1	da vinci code was an awesome movie...
1	The Da Vinci Code was absolutely AWESOME!
1	da vinci code was an awesome movie...
1	I love The Da Vinci Code...
1	The Da Vinci Code is awesome..
1	The Da Vinci Code was absolutely AWESOME!
1	The Da Vinci Code was awesome, I can't wait to read it...
1	The Da Vinci Code was absolutely AWESOME!
1	I wanted desperately to love'The Da Vinci Code as a film.
1	The Da Vinci Code is awesome!!
1	Love luv lubb the Da Vinci Code!
1	I wanted desperately to love'The Da Vinci Code as a film.
1	DA VINCI CODE IS AWESOME!!
1	The Da Vinci Code is awesome!!
1	the people who are worth it know how much i love the da vinci code.
1	I love The Da Vinci Code...
1	I love The Da Vinci Code...
1	The Da Vinci Code was absolutely AWESOME!
1	I love The Da Vinci Code...
1	The Da Vinci Code was awesome, I can't wait to read it...
1	Love luv lubb the Da Vinci Code!
1	The Da Vinci Code was absolutely AWESOME!
1	da vinci code was an awesome movie...
1	The Da Vinci Code is awesome..
1	Love luv lubb the Da Vinci Code!
1	da vinci code was an awesome movie...
1	I love The Da Vinci Code...
1	The Da Vinci Code is awesome..
1	The Da Vinci Code is awesome!!
1	DA VINCI CODE IS AWESOME!!
1	The Da Vinci Code was absolutely AWESOME!
1	DA VINCI CODE IS AWESOME!!
1	The Da Vinci Code was absolutely AWESOME!
1	The Da Vinci Code was awesome, I can't wait to read it...
1	The Da Vinci Code is awesome!!
1	I wanted desperately to love'The Da Vinci Code as a film.
1	The Da Vinci Code was awesome, I can't wait to read it...
1	I love The Da Vinci Code...
1	da vinci code was an awesome movie...
1	The Da Vinci Code was awesome, I can't wait to read it...
1	I love The Da Vinci Code...
1	DA VINCI CODE IS AWESOME!!
1	The Da Vinci Code is awesome!!
1	Love luv lubb the Da Vinci Code!
1	The Da Vinci Code is awesome!!
1	The Da Vinci Code was awesome, I can't wait to read it...
1	I wanted desperately to love'The Da Vinci Code as a film.
1	I love The Da Vinci Code...
1	DA VINCI CODE IS AWESOME!!
1	I wanted desperately to love'The Da Vinci Code as a film.
1	The Da Vinci Code was awesome, I can't wait to read it...
1	The Da Vinci Code was absolutely AWESOME!
1	The Da Vinci Code is awesome!!
1	The Da Vinci Code was awesome, I can't wait to read it...
1	The Da Vinci Code is awesome..
1	DA VINCI CODE IS AWESOME!!
1	The Da Vinci Code is awesome!!
1	the people who are worth it know how much i love the da vinci code.
1	The Da Vinci Code was awesome, I can't wait to read it...
1	da vinci code was an awesome movie...
1	I wanted desperately to love'The Da Vinci Code as a film.
1	Love luv lubb the Da Vinci Code!
1	I wanted desperately to love'The Da Vinci Code as a film.
1	The Da Vinci Code was awesome, I can't wait to read it...
1	da vinci code was an awesome movie...
1	The Da Vinci Code was awesome, I can't wait to read it...
1	da vinci code was an awesome movie...
1	The Da Vinci Code is awesome!!
1	The Da Vinci Code was awesome, I can't wait to read it...
1	The Da Vinci Code was awesome, I can't wait to read it...
1	The Da Vinci Code is awesome!!
1	the people who are worth it know how much i love the da vinci code.
1	I love The Da Vinci Code...
1	The Da Vinci Code was absolutely AWESOME!
1	The Da Vinci Code was awesome, I can't wait to read it...
1	The Da Vinci Code was awesome, I can't wait to read it...
1	the people who are worth it know how much i love the da vinci code.
1	DA VINCI CODE IS AWESOME!!
1	The Da Vinci Code is awesome!!
1	I wanted desperately to love'The Da Vinci Code as a film.
1	The Da Vinci Code is awesome..
1	Love luv lubb the Da Vinci Code!
1	The Da Vinci Code is awesome..
1	The Da Vinci Code is awesome!!
1	Love luv lubb the Da Vinci Code!
1	hell yea i love the mission impossible thing.
1	i love mission impossible, it's like the only action movie i like, plus tom cruise is in it.
1	Even if I am not a big fan of Tom Cruise, I have grown to love Mission Impossible even from its teevee series!.
1	I LOVE THE MISSiON IMPOSSIBLE THEME!!
1	so mission impossible was awesome My Daddy was the speaker and he did an exelent job I got first with ten ticket in the game Jamie got 2 she had 8 and my lil bro tied for 3 with 7.
1	I loved the first Mission Impossible.
1	Mission Impossible kicked ass, Mission Impossible 2 did not.
1	After I left I went and saw Mission Impossible 3 which was awesome.
1	sunday before that we went and saw mission impossible 3 so that was awesome.
1	anyways Mission Impossible 3 is awesome too....
1	and mission impossible 3 was awesome.
1	so instead we went to see Mission Impossible 3, which was freaking awesome!
1	Mission Impossible 3 was pretty awesome at least i thought so.
1	why may you ask well I love Mission Impossible stories.
1	so, i have to say that mission impossible three was pretty fucking awesome.
1	Mission Impossible III was an AWESOME MOVIE!!!
1	I totally loved Mission Impossible 3.
1	Mission Impossible 3 was awesome!!
1	I love all the Mission Impossible movies, and this one is no exception.
1	Hey, Mission Impossible 3 is AWESOME!!!!!!!!!!!!!!!!!!!!!!!!!
1	I hate it though, because I really like his Mission Impossible films, so I feel bad when I go see them in theater, since I'm putting money in his pocket doing that.
1	i like watching the x-men movies with halle barry and hugh jackson, just like mission impossible with tom cruise.
1	I like MISSION IMPOSSIBLE but I hate Tom Cruise, get that straight I update 2 days in a row it's like magic and shit...
1	What I'd like to see is some Mission Impossible stuff, maybe throw them in jail and have them break out in 3 minutes.
1	Mission Impossible 3 was excellent.
1	the last stand and Mission Impossible 3 both were awesome movies.
1	mission impossible 2 rocks!!....
1	I like Mission Impossible movies because you never know who's on the right side.
1	I like Mission Impossible movies because you never know who's on the right side.
1	"I liked the first "" Mission Impossible."
1	the last stand and Mission Impossible 3 both were awesome movies.
1	Mission Impossible 3 was excellent.
1	we're gonna like watch Mission Impossible or Hoot.(
1	So as felicia's mom is cleaning the table, felicia grabs my keys and we dash out like freakin mission impossible.
1	i love kirsten / leah / kate escapades and mission impossible tom as well...
1	the last stand and Mission Impossible 3 both were awesome movies.
1	mission impossible 2 rocks!!....
1	i love kirsten / leah / kate escapades and mission impossible tom as well...
1	i love kirsten / leah / kate escapades and mission impossible tom as well...
1	i love being a sentry for mission impossible and a station for bonkers.
1	Mission Impossible 3 was excellent.
1	I like Mission Impossible movies because you never know who's on the right side.
1	"I liked the first "" Mission Impossible."
1	i love kirsten / leah / kate escapades and mission impossible tom as well...
1	we're gonna like watch Mission Impossible or Hoot.(
1	Mission Impossible 3 was excellent.
1	"I liked the first "" Mission Impossible."
1	i love kirsten / leah / kate escapades and mission impossible tom as well...
1	"I liked the first "" Mission Impossible."
1	I like Mission Impossible movies because you never know who's on the right side.
1	the last stand and Mission Impossible 3 both were awesome movies.
1	we're gonna like watch Mission Impossible or Hoot.(
1	we're gonna like watch Mission Impossible or Hoot.(
1	"I liked the first "" Mission Impossible."
1	"I liked the first "" Mission Impossible."
1	i love kirsten / leah / kate escapades and mission impossible tom as well...
1	Which is why i said silent hill turned into reality coz i was hella like goin mission impossible down that bitch.
1	"I liked the first "" Mission Impossible."
1	the last stand and Mission Impossible 3 both were awesome movies.
1	we're gonna like watch Mission Impossible or Hoot.(
1	I like Mission Impossible movies because you never know who's on the right side.
1	i love being a sentry for mission impossible and a station for bonkers.
1	"I liked the first "" Mission Impossible."
1	Mission Impossible 3 was excellent.
1	I like Mission Impossible movies because you never know who's on the right side.
1	Which is why i said silent hill turned into reality coz i was hella like goin mission impossible down that bitch.
1	So as felicia's mom is cleaning the table, felicia grabs my keys and we dash out like freakin mission impossible.
1	Which is why i said silent hill turned into reality coz i was hella like goin mission impossible down that bitch.
1	mission impossible 2 rocks!!....
1	we're gonna like watch Mission Impossible or Hoot.(
1	Mission Impossible 3 was excellent.
1	i love kirsten / leah / kate escapades and mission impossible tom as well...
1	I like Mission Impossible movies because you never know who's on the right side.
1	mission impossible 2 rocks!!....
1	we're gonna like watch Mission Impossible or Hoot.(
1	"I liked the first "" Mission Impossible."
1	i love kirsten / leah / kate escapades and mission impossible tom as well...
1	i love kirsten / leah / kate escapades and mission impossible tom as well...
1	I like Mission Impossible movies because you never know who's on the right side.
1	Mission Impossible 3 was excellent.
1	the last stand and Mission Impossible 3 both were awesome movies.
1	mission impossible 2 rocks!!....
1	Which is why i said silent hill turned into reality coz i was hella like goin mission impossible down that bitch.
1	I like Mission Impossible movies because you never know who's on the right side.
1	Mission Impossible 3 was excellent.
1	the last stand and Mission Impossible 3 both were awesome movies.
1	i love being a sentry for mission impossible and a station for bonkers.
1	Mission Impossible 3 was excellent.
1	So as felicia's mom is cleaning the table, felicia grabs my keys and we dash out like freakin mission impossible.
1	we're gonna like watch Mission Impossible or Hoot.(
1	Mission Impossible 3 was excellent.
1	we're gonna like watch Mission Impossible or Hoot.(
1	So as felicia's mom is cleaning the table, felicia grabs my keys and we dash out like freakin mission impossible.
1	we're gonna like watch Mission Impossible or Hoot.(
1	mission impossible 2 rocks!!....
1	we're gonna like watch Mission Impossible or Hoot.(
1	"I liked the first "" Mission Impossible."
1	the last stand and Mission Impossible 3 both were awesome movies.
1	Which is why i said silent hill turned into reality coz i was hella like goin mission impossible down that bitch.
1	the last stand and Mission Impossible 3 both were awesome movies.
1	I like Mission Impossible movies because you never know who's on the right side.
1	mission impossible 2 rocks!!....
1	Mission Impossible 3 was excellent.
1	i love being a sentry for mission impossible and a station for bonkers.
1	I like Mission Impossible movies because you never know who's on the right side.
1	Mission Impossible 3 was excellent.
1	mission impossible 2 rocks!!....
1	"I liked the first "" Mission Impossible."
1	mission impossible 2 rocks!!....
1	Which is why i said silent hill turned into reality coz i was hella like goin mission impossible down that bitch.
1	the last stand and Mission Impossible 3 both were awesome movies.
1	i love kirsten / leah / kate escapades and mission impossible tom as well...
1	I really love Harry Potter and I want to have a house to be excited about and feel proud of.
1	I was thinking of re-reading the 6th Harry Potter book ( Half-Blood Prince ) which is an awesome book and I can't wait to read the final one when it comes out.
1	I was thinking of re-reading the 6th Harry Potter book ( Half-Blood Prince ) which is an awesome book and I can't wait to read the final one when it comes out.
1	lol I love Harry Potter like a fat kid loves cake.
1	You know, the Harry Potter books are decent enough, and I â€™ m glad they â€™ ve got kids reading, and reading big thick books at that.
1	I absolutely LOVE Harry Potter, as you can tell already.
1	It was planned so no biggie, I was admiring his sisters Harry Potter collection while I waited.
1	This is undoubtedly a big deal as I do not purchase movies a la DVD. The only ones I own are series like Harry Potter, Narnia, and Disney movies.
1	I love Harry Potter.
1	I absolutely LOVE Harry Potter, as you can tell already.
1	@ shraddha: You are a Harry Potter fan too, that's great.
1	Write us a Harry Potter poem for a chance to win a fabulous Harry Potter prize!!..
1	Artemis Fowl: The Lost Colony by Eoin Colfer â€“ 385 pages â€“ I love this series of Young Adult books damn near as much as I love Harry Potter.
1	Harry Potter and the Sorcerer's Stone is great but I had forgotten what a low reading level it is. > _ <..
1	I enjoy discussing Harry Potter, and I know there is still a lot for me to learn about it.
1	Which just goes to show how much I love Harry Potter. [ A lot a lot a lot a lot. ]..
1	Hey thanks for the comment < / 33 Emma Watson is very pretty, and I absolutely love the Harry Potter movies.
1	We both love Harry Potter and Grey's Anatomy.
1	Friday-Harry Potter Feast = AMAZING!
1	Spoke with Mrs. Cowan briefly about a Harry Potter independent study, which would be incredibly awesome, but which I am also far, far too lazy to take my last semester in college...
1	I love its Harry Potter Hall ~ kaka..
1	I love Harry Potter.
1	Love the Harry Potter series though I try not to talk about it too much..
1	Harry Potter = Gorgeous!.
1	Â  I liked Harry Potter and I'll be sorry to see him grow up.
1	Harry Potter rehearsal was very good, too.
1	If only I had a machine that lets me see into the future, like Harry Potter ï¿½...
1	I like the Harry Potter explaination though that girls always travel in packs.
1	And I love Harry Potter, and it would devastate me not to be included.
1	I like Harry Potter..
1	I want to be here because I love Harry Potter, and I really want a place where people take it serious, but it is still so much fun.
1	the story of Harry Potter is a deep and profound one, and I love Harry Potter.
1	I love Harry Potter.
1	the story of Harry Potter is a deep and profound one, and I love Harry Potter.
1	the story of Harry Potter is a deep and profound one, and I love Harry Potter.
1	I love Harry Potter..
1	I love Harry Potter.
1	I love Harry Potter.
1	I, too, like Harry Potter..
1	the story of Harry Potter is a deep and profound one, and I love Harry Potter.
1	Because I would like to make friends who like the same things I like, and I really like Harry Potter, so I thought that joining a community like this would be a good start.
1	I, too, like Harry Potter..
1	I love Harry Potter.
1	I love Harry Potter.
1	I want to be here because I love Harry Potter, and I really want a place where people take it serious, but it is still so much fun.
1	I love Harry Potter..
1	Because I would like to make friends who like the same things I like, and I really like Harry Potter, so I thought that joining a community like this would be a good start.
1	I love Harry Potter.
1	I love Harry Potter.
1	the story of Harry Potter is a deep and profound one, and I love Harry Potter.
1	I love Harry Potter.
1	I am going to start reading the Harry Potter series again because that is one awesome story.
1	I love Harry Potter.
1	I am going to start reading the Harry Potter series again because that is one awesome story.
1	Harry Potter is AWESOME I don't care if anyone says differently!..
1	I love Harry Potter.
1	I want to be here because I love Harry Potter, and I really want a place where people take it serious, but it is still so much fun.
1	the story of Harry Potter is a deep and profound one, and I love Harry Potter.
1	I love Harry Potter.
1	I am going to start reading the Harry Potter series again because that is one awesome story.
1	the story of Harry Potter is a deep and profound one, and I love Harry Potter.
1	Because I would like to make friends who like the same things I like, and I really like Harry Potter, so I thought that joining a community like this would be a good start.
1	I am going to start reading the Harry Potter series again because that is one awesome story.
1	I want to be here because I love Harry Potter, and I really want a place where people take it serious, but it is still so much fun.
1	Because I would like to make friends who like the same things I like, and I really like Harry Potter, so I thought that joining a community like this would be a good start.
1	Harry Potter is AWESOME I don't care if anyone says differently!..
1	"I love the Harry Potter series if you can count that as "" a "" book, also Catcher In the Tye, Jane Eyre, The Virgin Suicides, yeah..."
1	the story of Harry Potter is a deep and profound one, and I love Harry Potter.
1	I, too, like Harry Potter..
1	Because I would like to make friends who like the same things I like, and I really like Harry Potter, so I thought that joining a community like this would be a good start.
1	the story of Harry Potter is a deep and profound one, and I love Harry Potter.
1	I love Harry Potter.
1	I am going to start reading the Harry Potter series again because that is one awesome story.
1	I, too, like Harry Potter..
1	I love Harry Potter.
1	Harry Potter is AWESOME I don't care if anyone says differently!..
1	I, too, like Harry Potter..
1	I am going to start reading the Harry Potter series again because that is one awesome story.
1	I want to be here because I love Harry Potter, and I really want a place where people take it serious, but it is still so much fun.
1	the story of Harry Potter is a deep and profound one, and I love Harry Potter.
1	I love Harry Potter..
1	"I love the Harry Potter series if you can count that as "" a "" book, also Catcher In the Tye, Jane Eyre, The Virgin Suicides, yeah..."
1	I love Harry Potter.
1	Harry Potter is AWESOME I don't care if anyone says differently!..
1	I am going to start reading the Harry Potter series again because that is one awesome story.
1	the story of Harry Potter is a deep and profound one, and I love Harry Potter.
1	Harry Potter is AWESOME I don't care if anyone says differently!..
1	I love Harry Potter..
1	I love Harry Potter.
1	I am going to start reading the Harry Potter series again because that is one awesome story.
1	the story of Harry Potter is a deep and profound one, and I love Harry Potter.
1	Harry Potter is AWESOME I don't care if anyone says differently!..
1	I love Harry Potter.
1	"I love the Harry Potter series if you can count that as "" a "" book, also Catcher In the Tye, Jane Eyre, The Virgin Suicides, yeah..."
1	I love Harry Potter.
1	I want to be here because I love Harry Potter, and I really want a place where people take it serious, but it is still so much fun.
1	Because I would like to make friends who like the same things I like, and I really like Harry Potter, so I thought that joining a community like this would be a good start.
1	Because I would like to make friends who like the same things I like, and I really like Harry Potter, so I thought that joining a community like this would be a good start.
1	I want to be here because I love Harry Potter, and I really want a place where people take it serious, but it is still so much fun.
1	Because I would like to make friends who like the same things I like, and I really like Harry Potter, so I thought that joining a community like this would be a good start.
1	I love Harry Potter..
1	I love Harry Potter.
1	I love Harry Potter.
1	"I love the Harry Potter series if you can count that as "" a "" book, also Catcher In the Tye, Jane Eyre, The Virgin Suicides, yeah..."
1	I love Harry Potter.
1	"I love the Harry Potter series if you can count that as "" a "" book, also Catcher In the Tye, Jane Eyre, The Virgin Suicides, yeah..."
1	Because I would like to make friends who like the same things I like, and I really like Harry Potter, so I thought that joining a community like this would be a good start.
1	Because I would like to make friends who like the same things I like, and I really like Harry Potter, so I thought that joining a community like this would be a good start.
1	the story of Harry Potter is a deep and profound one, and I love Harry Potter.
1	I love Harry Potter..
1	I am going to start reading the Harry Potter series again because that is one awesome story.
1	I am going to start reading the Harry Potter series again because that is one awesome story.
1	I love Harry Potter.
1	"I love the Harry Potter series if you can count that as "" a "" book, also Catcher In the Tye, Jane Eyre, The Virgin Suicides, yeah..."
1	I love Harry Potter.
1	the story of Harry Potter is a deep and profound one, and I love Harry Potter.
1	Harry Potter is AWESOME I don't care if anyone says differently!..
1	the story of Harry Potter is a deep and profound one, and I love Harry Potter.
1	I, too, like Harry Potter..
1	the story of Harry Potter is a deep and profound one, and I love Harry Potter.
1	I love Harry Potter.
1	I want to be here because I love Harry Potter, and I really want a place where people take it serious, but it is still so much fun.
1	I love Harry Potter.
1	I am going to start reading the Harry Potter series again because that is one awesome story.
1	I was thinking we should have a gay cowboy party in honor of Val's starring performance in Titus.: ) And because I love Brokeback Mountain..
1	Brokeback Mountain was amazing, and made me cry like a bitch.
1	Brokeback Mountain is a beautiful place, picturesque, quaintly attractive, impressive.
1	Anyway, I LOVED Brokeback Mountain...
1	I love brokeback mountain so much!!!!.
1	I love BROKEBACK MOUNTAIN...
1	i love brokeback mountain.
1	I love brokeback mountain with all of my tiny pink heart...
1	Brokeback Mountain is a beautiful film..
1	* brokeback mountain is an awesome movie..
1	why i love brokeback mountain.
1	, and i love brokeback mountain...
1	i am love brokeback mountain madly.
1	Brokeback Mountain was beautiful...
1	Derek and I saw 3 movies, Brokeback Mountain, which was beautiful, I almost cried.
1	mrs yip said Brokeback Mountain is awesome..
1	I LOVE BROKEBACK MOUNTAIN!
1	Even though I loved Brokeback Mountain, I'm very happy Crash won Best Picture.
1	" I loved Brokeback Mountain and I haven't seen Crash, but I still feel like people are...
1	If you know me at all, you know that I absolutely love Brokeback Mountain.
1	I love brokeback Mountain!..
1	Brokeback Mountain is still a beautiful film, and nothing changes that!..
1	Brokeback Mountain had a beautiful score, and since it did not receive Best Picture, they had to give it something, not just best director.
1	i loved brokeback mountain!:(
1	Brokeback Mountain-This movie is beautiful start to finish.
1	And I heard that Brokeback Mountain is AWESOME!..
1	Beautiful random thoughts on Brokeback Mountain.
1	i LOVE back to the future, and i love brokeback mountain.
1	Well, Brokeback Mountain was pretty awesome too, but this movie......
1	Brokeback mountain was awesome.
1	Brokeback Mountain which was AWESOME..
1	I think I may just be bitter because I absolutely loved Brokeback Mountain and when you say you liked some other movie(
1	Brokeback Mountain is bound to be awesome...
1	Brokeback Mountain is beautiful(
1	Don't get me wrong, I love brokeback mountain, but I think it has more to do that only white people can talk about racism and wins an oscar.
1	I loved Brokeback Mountain, though I think you're right about its being acceptable in mainstream culture because it doesn't challenge that culture's heteronormativity.
1	I love Brokeback Mountain and I'm so dissapointed and surprised that it did not win the best picture and best actor...
1	Brokeback Mountain was awesome.
1	Brokeback Mountain is packed with beautiful sceneries and such.
1	I love Brokeback Mountain.
1	I love Brokeback Mountain....
1	He's like,'YEAH I GOT ACNE AND I LOVE BROKEBACK MOUNTAIN '..
1	Brokeback Mountain was so awesome.
1	Brokeback Mountain was an AWESOME movie.
1	man i loved brokeback mountain!
1	dudeee i LOVED brokeback mountain!!!!
1	I either LOVE Brokeback Mountain or think it's great that homosexuality is becoming more acceptable!:
1	Anyway, thats why I love  Brokeback Mountain."
1	I love Brokeback Mountain....
1	Brokeback Mountain was an AWESOME movie.
1	man i loved brokeback mountain!
1	Brokeback Mountain was an AWESOME movie.
1	dudeee i LOVED brokeback mountain!!!!
1	dudeee i LOVED brokeback mountain!!!!
1	Brokeback mountain was beautiful...
1	man i loved brokeback mountain!
1	I love Brokeback Mountain....
1	He's like,'YEAH I GOT ACNE AND I LOVE BROKEBACK MOUNTAIN '..
1	I love Brokeback Mountain....
1	He's like,'YEAH I GOT ACNE AND I LOVE BROKEBACK MOUNTAIN '..
1	He's like,'YEAH I GOT ACNE AND I LOVE BROKEBACK MOUNTAIN '..
1	Brokeback mountain was beautiful...
1	man i loved brokeback mountain!
1	I love Brokeback Mountain....
1	Brokeback Mountain was so awesome.
1	"Anyway, thats why I love "" Brokeback Mountain."
1	I love Brokeback Mountain....
1	Brokeback Mountain was so awesome.
1	Brokeback Mountain was an AWESOME movie.
1	dudeee i LOVED brokeback mountain!!!!
1	man i loved brokeback mountain!
1	"Anyway, thats why I love "" Brokeback Mountain."
1	Brokeback mountain was beautiful...
1	Brokeback Mountain was so awesome.
1	I either LOVE Brokeback Mountain or think it's great that homosexuality is becoming more acceptable!:
1	Brokeback mountain was beautiful...
1	He's like,'YEAH I GOT ACNE AND I LOVE BROKEBACK MOUNTAIN '..
1	man i loved brokeback mountain!
1	I love Brokeback Mountain....
1	I either LOVE Brokeback Mountain or think it's great that homosexuality is becoming more acceptable!:
1	Brokeback Mountain was so awesome.
1	man i loved brokeback mountain!
1	"Anyway, thats why I love "" Brokeback Mountain."
1	Brokeback Mountain was so awesome.
1	Brokeback Mountain was so awesome.
1	man i loved brokeback mountain!
1	"Anyway, thats why I love "" Brokeback Mountain."
1	I love Brokeback Mountain....
1	dudeee i LOVED brokeback mountain!!!!
1	man i loved brokeback mountain!
1	I either LOVE Brokeback Mountain or think it's great that homosexuality is becoming more acceptable!:
1	Brokeback Mountain was so awesome.
1	He's like,'YEAH I GOT ACNE AND I LOVE BROKEBACK MOUNTAIN '..
1	Brokeback mountain was beautiful...
1	I love Brokeback Mountain....
1	"Anyway, thats why I love "" Brokeback Mountain."
1	He's like,'YEAH I GOT ACNE AND I LOVE BROKEBACK MOUNTAIN '..
1	"Anyway, thats why I love "" Brokeback Mountain."
1	I love Brokeback Mountain....
1	Brokeback Mountain was an AWESOME movie.
1	I either LOVE Brokeback Mountain or think it's great that homosexuality is becoming more acceptable!:
1	"Anyway, thats why I love "" Brokeback Mountain."
1	He's like,'YEAH I GOT ACNE AND I LOVE BROKEBACK MOUNTAIN '..
1	Brokeback Mountain was an AWESOME movie.
1	"Anyway, thats why I love "" Brokeback Mountain."
1	I love Brokeback Mountain....
1	"Anyway, thats why I love "" Brokeback Mountain."
1	I love Brokeback Mountain....
1	He's like,'YEAH I GOT ACNE AND I LOVE BROKEBACK MOUNTAIN '..
1	man i loved brokeback mountain!
1	"Anyway, thats why I love "" Brokeback Mountain."
1	"Anyway, thats why I love "" Brokeback Mountain."
1	I love Brokeback Mountain....
1	Brokeback Mountain was an AWESOME movie.
1	I either LOVE Brokeback Mountain or think it's great that homosexuality is becoming more acceptable!:
1	"Anyway, thats why I love "" Brokeback Mountain."
1	man i loved brokeback mountain!
1	Brokeback Mountain was an AWESOME movie.
1	I love Brokeback Mountain....
1	Brokeback Mountain was an AWESOME movie.
1	Brokeback mountain was beautiful...
1	man i loved brokeback mountain!
1	"Anyway, thats why I love "" Brokeback Mountain."
1	dudeee i LOVED brokeback mountain!!!!
1	"Anyway, thats why I love "" Brokeback Mountain."
1	I love Brokeback Mountain.
1	He's like,'YEAH I GOT ACNE AND I LOVE BROKEBACK MOUNTAIN '..
1	Brokeback Mountain was so awesome.
1	man i loved brokeback mountain!
1	dudeee i LOVED brokeback mountain!!!!
1	Brokeback mountain was beautiful...
1	Brokeback Mountain was so awesome.
1	dudeee i LOVED brokeback mountain!!!!
1	Brokeback mountain was beautiful...
1	I either LOVE Brokeback Mountain or think it's great that homosexuality is becoming more acceptable!:
1	Brokeback Mountain was so awesome.
1	"Anyway, thats why I love "" Brokeback Mountain."
1	I either LOVE Brokeback Mountain or think it's great that homosexuality is becoming more acceptable!:
1	man i loved brokeback mountain!
0	Da Vinci Code does suck.
0	And better...-We all know Da Vinci code is bogus and inaccurate.
0	I hated The Da Vinci Code.
0	I hated The Da Vinci Code.
0	DA VINCI CODE-SUCKED BALLZ.
0	god, i just thought i hated the da vinci code, now i see how very wrong i was...
0	I hate the Da Vinci Code, but I may see the movie for Audrey Tautou...
0	Da Vinci Code sucks.
0	"Why I hate The Da Vinci Code, except much more coherent, and with, uh, less usage of the phrase "" dogfucking retarded ""."
0	how much the da vinci code sucks...
0	I'll let y'all know if The Da Vinci Code sucks or not...
0	Da Vinci Code kinda sucks second time around..
0	and da vinci code sucks!..
0	anyhow, the da vinci code sucks lah.
0	so, lucky for me, since i hated the da vinci code after refusing to read it for so long because of the public reaction in the first place-there's a movie now.
0	da vinci code sucks ass.
0	Quick update:..-Haven't smoked in over a week..-Haven't consumed meat in over a week..-Da Vinci Code sucked..-Love the new place..-Broke.
0	In other news, The Da Vinci code sucks and Symantec is suing Microsoft...
0	"I can hate "" Da Vinci Code "" without even touching the book."
0	I frakking hate the Da Vinci Code.
0	the Da Vinci Code sucked.
0	by the way, the Da Vinci Code sucked, just letting you know...
0	da vinci code sucks...
0	Da Vinci Code sucked..
0	Da Vinci Code sucks.
0	Da Vinci Code sucked..
0	Combining the opinion / review from Gary and Gin Zen, The Da Vinci Code sucks.
0	i heard da vinci code sucked soo much only 2.5 stars:
0	Combining the opinion / review from Gary and Gin Zen, The Da Vinci Code sucks.
0	Da Vinci Code sucks.
0	The Da Vinci Code sucked big time.
0	Da Vinci Code sucks.
0	da vinci code sucks...
0	Da Vinci Code sucks be...
0	by the way, the Da Vinci Code sucked, just letting you know...
0	Da Vinci Code sucks be...
0	Combining the opinion / review from Gary and Gin Zen, The Da Vinci Code sucks.
0	The Da Vinci Code sucked big time.
0	Da Vinci Code sucked..
0	Da Vinci Code = Up, Up, Down, Down, Left, Right, Left, Right, B, A, SUCK!
0	Da Vinci Code sucks be...
0	Da Vinci Code sucked..
0	The Da Vinci Code sucked big time.
0	friday hung out with kelsie and we went and saw The Da Vinci Code SUCKED!!!!!
0	The Da Vinci Code sucked big time.
0	Da Vinci Code = Up, Up, Down, Down, Left, Right, Left, Right, B, A, SUCK!
0	by the way, the Da Vinci Code sucked, just letting you know...
0	Combining the opinion / review from Gary and Gin Zen, The Da Vinci Code sucks.
0	Da Vinci Code sucks be...
0	Da Vinci Code = Up, Up, Down, Down, Left, Right, Left, Right, B, A, SUCK!
0	Da Vinci Code sucks.
0	Da Vinci Code sucks be...
0	The Da Vinci Code sucked big time.
0	Da Vinci Code sucked..
0	by the way, the Da Vinci Code sucked, just letting you know...
0	i heard da vinci code sucked soo much only 2.5 stars:
0	i heard da vinci code sucked soo much only 2.5 stars:
0	Combining the opinion / review from Gary and Gin Zen, The Da Vinci Code sucks.
0	by the way, the Da Vinci Code sucked, just letting you know...
0	i heard da vinci code sucked soo much only 2.5 stars:
0	friday hung out with kelsie and we went and saw The Da Vinci Code SUCKED!!!!!
0	Da Vinci Code sucks.
0	Da Vinci Code = Up, Up, Down, Down, Left, Right, Left, Right, B, A, SUCK!
0	Da Vinci Code sucks.
0	Da Vinci Code sucks.
0	Da Vinci Code sucks be...
0	Da Vinci Code sucks be...
0	Da Vinci Code sucked..
0	Da Vinci Code sucked..
0	Da Vinci Code = Up, Up, Down, Down, Left, Right, Left, Right, B, A, SUCK!
0	Combining the opinion / review from Gary and Gin Zen, The Da Vinci Code sucks.
0	Da Vinci Code sucks.
0	i heard da vinci code sucked soo much only 2.5 stars:
0	i heard da vinci code sucked soo much only 2.5 stars:
0	i heard da vinci code sucked soo much only 2.5 stars:
0	The Da Vinci Code sucked big time.
0	Da Vinci Code = Up, Up, Down, Down, Left, Right, Left, Right, B, A, SUCK!
0	i heard da vinci code sucked soo much only 2.5 stars:
0	Da Vinci Code = Up, Up, Down, Down, Left, Right, Left, Right, B, A, SUCK!
0	Combining the opinion / review from Gary and Gin Zen, The Da Vinci Code sucks.
0	Da Vinci Code sucked..
0	i heard da vinci code sucked soo much only 2.5 stars:
0	friday hung out with kelsie and we went and saw The Da Vinci Code SUCKED!!!!!
0	da vinci code sucks...
0	Da Vinci Code sucks.
0	Combining the opinion / review from Gary and Gin Zen, The Da Vinci Code sucks.
0	friday hung out with kelsie and we went and saw The Da Vinci Code SUCKED!!!!!
0	Da Vinci Code sucks.
0	Da Vinci Code sucks be...
0	i heard da vinci code sucked soo much only 2.5 stars:
0	Da Vinci Code sucks be...
0	Da Vinci Code = Up, Up, Down, Down, Left, Right, Left, Right, B, A, SUCK!
0	Combining the opinion / review from Gary and Gin Zen, The Da Vinci Code sucks.
0	The Da Vinci Code sucked big time.
0	Da Vinci Code sucked..
0	The Da Vinci Code sucked big time.
0	friday hung out with kelsie and we went and saw The Da Vinci Code SUCKED!!!!!
0	Da Vinci Code = Up, Up, Down, Down, Left, Right, Left, Right, B, A, SUCK!
0	Da Vinci Code sucked..
0	Combining the opinion / review from Gary and Gin Zen, The Da Vinci Code sucks.
0	Da Vinci Code sucks be...
0	Da Vinci Code = Up, Up, Down, Down, Left, Right, Left, Right, B, A, SUCK!
0	da vinci code sucks...
0	friday hung out with kelsie and we went and saw The Da Vinci Code SUCKED!!!!!
0	Da Vinci Code sucked..
0	Da Vinci Code sucks be...
0	My friend said Mission Impossible sucked -- big time...
0	Mission Impossible 2 sucked hardcore.
0	Mission Impossible III sucked majorly, but it was nice doing things with friends.
0	MI3 mission impossible III sucked ass, like the last one, it was lame and predictable, LAME..
0	mission impossible 3 sucked balls.
0	I'm pretty sure im boycotting fucking stupid mission impossible III.
0	watched mission impossible 3 wif stupid haha...
0	After the god-awful â€œ Mission Impossible 2 â€ from John Woo laid a major egg.
0	I hope they end this franchise here, or Mission Impossible 4 may see Cruise facing off against the evil Richard Simmons..
0	mission impossible three is useless...
0	And this is why I hate Harry Potter.
0	Hogwarts hogwash: The Georgia board of education listens to a mother's campaign to rid those evil Harry Potter books from school libraries...
0	The Georgia Board of Education heard from a mother seeking to ban those evil Harry Potter books..
0	I used to hate Harry Potter, and now I'm a Potterholic..
0	I have read 1984 and I hate Harry Potter..
0	I hate Harry Potter.
0	I hate Harry Potter with a passion but these are hilarious!..................
0	As much as I hate Harry Potter, You gotta love this decaying and decomposing hippie for bringing McGarther Park to the world.
0	I think I hate Harry Potter..
0	I could hate Harry Potter, but love his scent...
0	I suppose you could say that I hate Harry Potter because he's everything I'm not.
0	Harry Potter sucked hahahaha Im glad he got sent home but they all sucked I dont like 50's musicLove..
0	So Harry Potter day was canceled, or, rather, postponed, which sucks.
0	Always knows what I want, not guy crazy, hates Harry Potter..
0	I think I hate Harry Potter because it outshines much better reading material out there and the movies are just plain stupid to begin with.
0	These Harry Potter movies really suck.
0	I think I hate Harry Potter because it outshines much better reading material out there and the movies are just plain stupid to begin with.
0	Harry Potter dragged Draco Malfoy â€™ s trousers down past his hips and sucked him into his throat with vigor, making whimpering noises and panting and groaning around the blonds rock-hard, aching cock...
0	This quiz sucks and Harry Potter sucks ok bye..
0	Is it just me, or does Harry Potter suck?...
0	These Harry Potter movies really suck.
0	I hate Harry Potter, it's retarted, gay and stupid and there's only one Black guy...
0	Always knows what I want, not guy crazy, hates Harry Potter..
0	I hate Harry Potter.
0	This quiz sucks and Harry Potter sucks ok bye..
0	I hate Harry Potter, it's retarted, gay and stupid and there's only one Black guy...
0	This quiz sucks and Harry Potter sucks ok bye..
0	This quiz sucks and Harry Potter sucks ok bye..
0	I hate Harry Potter.
0	I hate Harry Potter.
0	I hate Harry Potter.
0	These Harry Potter movies really suck.
0	I hate Harry Potter, that daniel wotshisface needs a fucking slap...
0	I hate Harry Potter, it's retarted, gay and stupid and there's only one Black guy...
0	Always knows what I want, not guy crazy, hates Harry Potter..
0	I think I hate Harry Potter because it outshines much better reading material out there and the movies are just plain stupid to begin with.
0	Not because I hate Harry Potter, but because I am the type of person that likes it when the main character dies.
0	Harry Potter dragged Draco Malfoy â€™ s trousers down past his hips and sucked him into his throat with vigor, making whimpering noises and panting and groaning around the blonds rock-hard, aching cock...
0	Not because I hate Harry Potter, but because I am the type of person that likes it when the main character dies.
0	Always knows what I want, not guy crazy, hates Harry Potter..
0	I hate Harry Potter.
0	I hate Harry Potter.
0	I hate Harry Potter, it's retarted, gay and stupid and there's only one Black guy...
0	I hate Harry Potter.
0	Harry Potter dragged Draco Malfoy â€™ s trousers down past his hips and sucked him into his throat with vigor, making whimpering noises and panting and groaning around the blonds rock-hard, aching cock...
0	I think I hate Harry Potter because it outshines much better reading material out there and the movies are just plain stupid to begin with.
0	Always knows what I want, not guy crazy, hates Harry Potter..
0	I hate Harry Potter, that daniel wotshisface needs a fucking slap...
0	This quiz sucks and Harry Potter sucks ok bye..
0	I hate Harry Potter.
0	Not because I hate Harry Potter, but because I am the type of person that likes it when the main character dies.
0	I hate Harry Potter, that daniel wotshisface needs a fucking slap...
0	I hate Harry Potter.
0	Always knows what I want, not guy crazy, hates Harry Potter..
0	Not because I hate Harry Potter, but because I am the type of person that likes it when the main character dies.
0	I hate Harry Potter, it's retarted, gay and stupid and there's only one Black guy...
0	Harry Potter dragged Draco Malfoy â€™ s trousers down past his hips and sucked him into his throat with vigor, making whimpering noises and panting and groaning around the blonds rock-hard, aching cock...
0	I hate Harry Potter.
0	Not because I hate Harry Potter, but because I am the type of person that likes it when the main character dies.
0	Always knows what I want, not guy crazy, hates Harry Potter..
0	Not because I hate Harry Potter, but because I am the type of person that likes it when the main character dies.
0	I hate Harry Potter.
0	Is it just me, or does Harry Potter suck?...
0	I hate Harry Potter, it's retarted, gay and stupid and there's only one Black guy...
0	This quiz sucks and Harry Potter sucks ok bye..
0	I hate Harry Potter, it's retarted, gay and stupid and there's only one Black guy...
0	I hate Harry Potter, it's retarted, gay and stupid and there's only one Black guy...
0	Always knows what I want, not guy crazy, hates Harry Potter..
0	I hate Harry Potter, that daniel wotshisface needs a fucking slap...
0	I hate Harry Potter, it's retarted, gay and stupid and there's only one Black guy...
0	Not because I hate Harry Potter, but because I am the type of person that likes it when the main character dies.
0	Always knows what I want, not guy crazy, hates Harry Potter..
0	Harry Potter dragged Draco Malfoy â€™ s trousers down past his hips and sucked him into his throat with vigor, making whimpering noises and panting and groaning around the blonds rock-hard, aching cock...
0	I hate Harry Potter, it's retarted, gay and stupid and there's only one Black guy...
0	Is it just me, or does Harry Potter suck?...
0	I think I hate Harry Potter because it outshines much better reading material out there and the movies are just plain stupid to begin with.
0	These Harry Potter movies really suck.
0	This quiz sucks and Harry Potter sucks ok bye..
0	Is it just me, or does Harry Potter suck?...
0	I hate Harry Potter, that daniel wotshisface needs a fucking slap...
0	These Harry Potter movies really suck.
0	Harry Potter dragged Draco Malfoy â€™ s trousers down past his hips and sucked him into his throat with vigor, making whimpering noises and panting and groaning around the blonds rock-hard, aching cock...
0	I hate Harry Potter, that daniel wotshisface needs a fucking slap...
0	Is it just me, or does Harry Potter suck?...
0	I hate Harry Potter, that daniel wotshisface needs a fucking slap...
0	This quiz sucks and Harry Potter sucks ok bye..
0	Is it just me, or does Harry Potter suck?...
0	Not because I hate Harry Potter, but because I am the type of person that likes it when the main character dies.
0	This quiz sucks and Harry Potter sucks ok bye..
0	Is it just me, or does Harry Potter suck?...
0	I hate Harry Potter, that daniel wotshisface needs a fucking slap...
0	I hate Harry Potter.
0	Not because I hate Harry Potter, but because I am the type of person that likes it when the main character dies.
0	This quiz sucks and Harry Potter sucks ok bye..
0	I hate Harry Potter.
0	Always knows what I want, not guy crazy, hates Harry Potter..
0	Harry Potter dragged Draco Malfoy â€™ s trousers down past his hips and sucked him into his throat with vigor, making whimpering noises and panting and groaning around the blonds rock-hard, aching cock...
0	Harry Potter dragged Draco Malfoy â€™ s trousers down past his hips and sucked him into his throat with vigor, making whimpering noises and panting and groaning around the blonds rock-hard, aching cock...
0	Harry Potter dragged Draco Malfoy â€™ s trousers down past his hips and sucked him into his throat with vigor, making whimpering noises and panting and groaning around the blonds rock-hard, aching cock...
0	Harry Potter dragged Draco Malfoy â€™ s trousers down past his hips and sucked him into his throat with vigor, making whimpering noises and panting and groaning around the blonds rock-hard, aching cock...
0	Not because I hate Harry Potter, but because I am the type of person that likes it when the main character dies.
0	I think I hate Harry Potter because it outshines much better reading material out there and the movies are just plain stupid to begin with.
0	This quiz sucks and Harry Potter sucks ok bye..
0	Is it just me, or does Harry Potter suck?...
0	 Brokeback Mountain  is tragic, but immensely well-executed, never feeling moralistic.
0	Brokeback Mountain was one boring show â€¦ well at least they had super the cute actors â€¦..
0	But Brokeback Mountain is one of the most boring movies I have ever seen.
0	brokeback mountain sucks...
0	So, who else hates BrokeBack Mountain?..
0	i hate Brokeback Mountain!!!!!!!..
0	I absolutely HATED Brokeback Mountain.
0	And brokeback mountain can suck my dick...
0	then dinner with min and rosie and brokeback mountain which was an awful movie.
0	Brokeback Mountain was stupid...
0	Brokeback Mountain and Requiem for a Dream both suck equally...
0	which is probably why I disliked Brokeback Mountain...
0	"And I still think "" Brokeback Mountain "" was a horrible movie."
0	brokeback mountain is so depressing.
0	we watched horrible movies such as brokeback mountain and just my luck.
0	"From the reviews that I've read, I hear that "" Brokeback Mountain "" is extremely depressing."
0	Brokeback Mountain is the best combonation of the best / most depressing movie ever.
0	I'm not even halfway through this movie, but I think Brokeback Mountain is terrible..
0	BROKEBACK MOUNTAIN WAS THE SHITTIEST MOVIE I HAVE EVER SEEN.....
0	Brokeback Mountain was boring.
0	Ok brokeback mountain is such a horrible movie.
0	My dad's being stupid about brokeback mountain...
0	Brokeback Mountain was boring.
0	As I sit here, watching the MTV Movie Awards, I am reminded of how much I despised the movie Brokeback Mountain.
0	Brokeback Mountain is fucking horrible..
0	Ok brokeback mountain is such a horrible movie.
0	Oh, and Brokeback Mountain is a TERRIBLE movie...
0	Ok brokeback mountain is such a horrible movie.
0	Oh, and Brokeback Mountain was a terrible movie.
0	Brokeback Mountain is fucking horrible..
0	Then snuck into Brokeback Mountain, which is the most depressing movie I have ever seen..
0	Brokeback Mountain was boring.
0	So Brokeback Mountain was really depressing.
0	Oh, and Brokeback Mountain was a terrible movie.
0	Oh, and Brokeback Mountain was a terrible movie.
0	Oh, and Brokeback Mountain is a TERRIBLE movie...
0	As I sit here, watching the MTV Movie Awards, I am reminded of how much I despised the movie Brokeback Mountain.
0	My dad's being stupid about brokeback mountain...
0	As I sit here, watching the MTV Movie Awards, I am reminded of how much I despised the movie Brokeback Mountain.
0	As I sit here, watching the MTV Movie Awards, I am reminded of how much I despised the movie Brokeback Mountain.
0	Brokeback Mountain was boring.
0	So Brokeback Mountain was really depressing.
0	Oh, and Brokeback Mountain was a terrible movie.
0	Brokeback Mountain is fucking horrible..
0	Brokeback Mountain was boring.
0	, she helped me bobbypin my insanely cool hat to my head, and she laughed at my stupid brokeback mountain cowboy jokes..
0	As I sit here, watching the MTV Movie Awards, I am reminded of how much I despised the movie Brokeback Mountain.
0	Oh, and Brokeback Mountain is a TERRIBLE movie...
0	Oh, and Brokeback Mountain was a terrible movie.
0	Brokeback Mountain is fucking horrible..
0	, she helped me bobbypin my insanely cool hat to my head, and she laughed at my stupid brokeback mountain cowboy jokes..
0	, she helped me bobbypin my insanely cool hat to my head, and she laughed at my stupid brokeback mountain cowboy jokes..
0	My dad's being stupid about brokeback mountain...
0	, she helped me bobbypin my insanely cool hat to my head, and she laughed at my stupid brokeback mountain cowboy jokes..
0	, she helped me bobbypin my insanely cool hat to my head, and she laughed at my stupid brokeback mountain cowboy jokes..
0	Oh, and Brokeback Mountain is a TERRIBLE movie...
0	So Brokeback Mountain was really depressing.
0	Ok brokeback mountain is such a horrible movie.
0	Ok brokeback mountain is such a horrible movie.
0	My dad's being stupid about brokeback mountain...
0	Oh, and Brokeback Mountain is a TERRIBLE movie...
0	Then snuck into Brokeback Mountain, which is the most depressing movie I have ever seen..
0	Brokeback Mountain is fucking horrible..
0	, she helped me bobbypin my insanely cool hat to my head, and she laughed at my stupid brokeback mountain cowboy jokes..
0	So Brokeback Mountain was really depressing.
0	Ok brokeback mountain is such a horrible movie.
0	Then snuck into Brokeback Mountain, which is the most depressing movie I have ever seen..
0	, she helped me bobbypin my insanely cool hat to my head, and she laughed at my stupid brokeback mountain cowboy jokes..
0	Brokeback Mountain is fucking horrible..
0	Oh, and Brokeback Mountain is a TERRIBLE movie...
0	, she helped me bobbypin my insanely cool hat to my head, and she laughed at my stupid brokeback mountain cowboy jokes..
0	, she helped me bobbypin my insanely cool hat to my head, and she laughed at my stupid brokeback mountain cowboy jokes..
0	Brokeback Mountain is fucking horrible..
0	Ok brokeback mountain is such a horrible movie.
0	Oh, and Brokeback Mountain was a terrible movie.
0	, she helped me bobbypin my insanely cool hat to my head, and she laughed at my stupid brokeback mountain cowboy jokes..
0	Oh, and Brokeback Mountain is a TERRIBLE movie...
0	Oh, and Brokeback Mountain was a terrible movie.
0	, she helped me bobbypin my insanely cool hat to my head, and she laughed at my stupid brokeback mountain cowboy jokes..
0	My dad's being stupid about brokeback mountain...
0	Oh, and Brokeback Mountain is a TERRIBLE movie...
0	As I sit here, watching the MTV Movie Awards, I am reminded of how much I despised the movie Brokeback Mountain.
0	Brokeback Mountain is fucking horrible..
0	My dad's being stupid about brokeback mountain...
0	, she helped me bobbypin my insanely cool hat to my head, and she laughed at my stupid brokeback mountain cowboy jokes..
0	Oh, and Brokeback Mountain is a TERRIBLE movie...
0	Ok brokeback mountain is such a horrible movie.
0	My dad's being stupid about brokeback mountain...
0	Oh, and Brokeback Mountain is a TERRIBLE movie...
0	Brokeback Mountain is fucking horrible..
0	Then snuck into Brokeback Mountain, which is the most depressing movie I have ever seen..
0	Then snuck into Brokeback Mountain, which is the most depressing movie I have ever seen..
0	Ok brokeback mountain is such a horrible movie.
0	My dad's being stupid about brokeback mountain...
0	Brokeback Mountain is fucking horrible..
0	, she helped me bobbypin my insanely cool hat to my head, and she laughed at my stupid brokeback mountain cowboy jokes..
0	My dad's being stupid about brokeback mountain...
0	So Brokeback Mountain was really depressing.
0	Brokeback Mountain was boring.
0	As I sit here, watching the MTV Movie Awards, I am reminded of how much I despised the movie Brokeback Mountain.
0	So Brokeback Mountain was really depressing.
0	Oh, and Brokeback Mountain is a TERRIBLE movie...
0	Brokeback Mountain was boring.
0	Brokeback Mountain is fucking horrible..
0	My dad's being stupid about brokeback mountain...
0	Then snuck into Brokeback Mountain, which is the most depressing movie I have ever seen..
0	Oh, and Brokeback Mountain is a TERRIBLE movie...
0	Brokeback Mountain was boring.
