-59319634674.485062,-10099441495.991322,-0.0,-0.0,-0.0,-0.0,118953286017.22699,-0.0,-0.0,42094660787.181,-0.0,-0.0,-0.0,-21783470330.423401
59319634674.485062,10099441495.991322,0.0,0.0,0.0,0.0,-118953286017.22699,0.0,0.0,-42094660787.181,0.0,0.0,0.0,21783470330.423401
59319634674.485062,10099441495.991322,0.0,0.0,0.0,0.0,-118953286017.22699,0.0,0.0,-42094660787.181,0.0,0.0,0.0,21783470330.423401
59319634674.485062,10099441495.991322,0.0,0.0,0.0,0.0,-118953286017.22699,0.0,0.0,-42094660787.181,0.0,0.0,0.0,21783470330.423401
-59319634674.485062,-10099441495.991322,-0.0,-0.0,-0.0,-0.0,118953286017.22699,-0.0,-0.0,42094660787.181,-0.0,-0.0,-0.0,-21783470330.423401
-59319634674.485062,-10099441495.991322,-0.0,-0.0,-0.0,-0.0,118953286017.22699,-0.0,-0.0,42094660787.181,-0.0,-0.0,-0.0,-21783470330.423401
59319634674.485062,10099441495.991322,0.0,0.0,0.0,0.0,-118953286017.22699,0.0,0.0,-42094660787.181,0.0,0.0,0.0,21783470330.423401
-59319634674.485062,-10099441495.991322,-0.0,-0.0,-0.0,-0.0,118953286017.22699,-0.0,-0.0,42094660787.181,-0.0,-0.0,-0.0,-21783470330.423401
59319634674.485062,10099441495.991322,0.0,0.0,0.0,0.0,-118953286017.22699,0.0,0.0,-42094660787.181,0.0,0.0,0.0,21783470330.423401
59319634674.485062,10099441495.991322,0.0,0.0,0.0,0.0,-118953286017.22699,0.0,0.0,-42094660787.181,0.0,0.0,0.0,21783470330.423401
-59319634674.485062,-10099441495.991322,-0.0,-0.0,-0.0,-0.0,118953286017.22699,-0.0,-0.0,42094660787.181,-0.0,-0.0,-0.0,-21783470330.423401
-59319634674.485062,-10099441495.991322,-0.0,-0.0,-0.0,-0.0,118953286017.22699,-0.0,-0.0,42094660787.181,-0.0,-0.0,-0.0,-21783470330.423401
59319634674.485062,10099441495.991322,0.0,0.0,0.0,0.0,-118953286017.22699,0.0,0.0,-42094660787.181,0.0,0.0,0.0,21783470330.423401
59319634674.485062,10099441495.991322,0.0,0.0,0.0,0.0,-118953286017.22699,0.0,0.0,-42094660787.181,0.0,0.0,0.0,21783470330.423401
0.0,-47166426679.258858,0.0,0.0,0.0,125362314286.08606,0.0,81790437867.449966,-60017719494.110664,145316351512.99561,-59945850161.908836,59054818496.246704,0.0,0.0
0.0,-18120148419.914024,0.0,0.0,0.0,48161031077.783607,0.0,31421817971.630951,-23057290145.244072,55826867597.196869,-23029679765.191479,22687367931.004112,0.0,0.0
0.0,-0.0,0.0,0.0,0.0,0.0,0.0,0.0,-0.0,0.0,-0.0,0.0,0.0,0.0
0.0,-0.0,0.0,0.0,0.0,0.0,0.0,0.0,-0.0,0.0,-0.0,0.0,0.0,0.0
0.0,-0.0,0.0,0.0,0.0,0.0,0.0,0.0,-0.0,0.0,-0.0,0.0,0.0,0.0
0.0,-0.0,0.0,0.0,0.0,0.0,0.0,0.0,-0.0,0.0,-0.0,0.0,0.0,0.0
0.0,-4302124501.4573936,0.0,0.0,0.0,11434495292.956709,0.0,7460235415.4850349,-5474311278.9325209,13254534640.873438,-5467755963.2824421,5386483553.4285669,0.0,0.0
0.0,-0.0,0.0,0.0,0.0,0.0,0.0,0.0,-0.0,0.0,-0.0,0.0,0.0,0.0
0.0,-0.0,0.0,0.0,0.0,0.0,0.0,0.0,-0.0,0.0,-0.0,0.0,0.0,0.0
0.0,-4090990338.224607,0.0,0.0,0.0,10873327759.369568,0.0,7094111524.5017662,-5205650032.4340343,12604045544.267149,-5199416430.1802168,5122132603.6977892,0.0,0.0
0.0,-0.0,0.0,0.0,0.0,0.0,0.0,0.0,-0.0,0.0,-0.0,0.0,0.0,0.0
0.0,-0.0,0.0,0.0,0.0,0.0,0.0,0.0,-0.0,0.0,-0.0,0.0,0.0,0.0
0.0,-0.0,0.0,0.0,0.0,0.0,0.0,0.0,-0.0,0.0,-0.0,0.0,0.0,0.0
0.0,-42260964194.260399,0.0,0.0,0.0,112324223994.76862,0.0,73283965089.286194,-53775680566.387787,130202976152.77742,-53711285879.558945,52912924418.459351,0.0,0.0
0.0,0.0,-0.0,0.0,0.0,0.0,0.0,0.0,0.0,0.0,0.0,0.0,0.0,0.0
0.0,178658287483.091,-144089755871.29086,0.0,0.0,0.0,0.0,0.0,30028861336.859821,0.0,5421386517.2384472,0.0,0.0,119250262543.46591
0.0,0.0,-0.0,0.0,0.0,0.0,0.0,0.0,0.0,0.0,0.0,0.0,0.0,0.0
0.0,0.0,-0.0,0.0,0.0,0.0,0.0,0.0,0.0,0.0,0.0,0.0,0.0,0.0
0.0,0.0,-0.0,0.0,0.0,0.0,0.0,0.0,0.0,0.0,0.0,0.0,0.0,0.0
0.0,192482324408.80173,-155238984568.39169,0.0,0.0,0.0,0.0,0.0,32352403635.434055,0.0,5840876978.3789511,0.0,0.0,128477486514.01694
0.0,0.0,-0.0,0.0,0.0,0.0,0.0,0.0,0.0,0.0,0.0,0.0,0.0,0.0
0.0,13529676538.101017,-10911824001.318806,0.0,0.0,0.0,0.0,0.0,2274066243.5469346,0.0,410558093.88747412,0.0,0.0,9030745240.1244946
0.0,78145306631.631638,-63024997685.062111,0.0,0.0,0.0,0.0,0.0,13134652805.791349,0.0,2371319672.4685311,0.0,0.0,52160179433.286568
0.0,77942949407.30191,-62861794491.618187,0.0,0.0,0.0,0.0,0.0,13100640630.282927,0.0,2365179141.6087422,0.0,0.0,52025110680.144226
0.0,18470748218.485958,-14896849393.642672,0.0,0.0,0.0,0.0,0.0,3104560918.2471337,0.0,560494935.69943261,0.0,0.0,12328795968.32122
0.0,215281425387.13025,-173626695210.4921,0.0,0.0,0.0,0.0,0.0,36184473513.234093,0.0,6532715797.559206,0.0,0.0,143695357544.36578
0.0,0.0,-0.0,0.0,0.0,0.0,0.0,0.0,0.0,0.0,0.0,0.0,0.0,0.0
0.0,0.0,-0.0,0.0,0.0,0.0,0.0,0.0,0.0,0.0,0.0,0.0,0.0,0.0
0.0,0.0,0.0,-0.0,0.0,-0.0,-0.0,0.0,0.0,0.0,0.0,0.0,-0.0,0.0
0.0,0.0,0.0,-61687889800.460838,0.0,-165191807072.50052,-33115466967.01643,38776623838.909775,155588641028.13452,0.0,55444254519.978676,0.0,-103170046273.07942,0.0
0.0,0.0,0.0,-53996459442.379089,0.0,-144595199149.39529,-28986531631.798321,33941838555.392437,136189384531.48032,0.0,48531299258.004555,0.0,-90306496741.45752,0.0
0.0,0.0,0.0,-0.0,0.0,-0.0,-0.0,0.0,0.0,0.0,0.0,0.0,-0.0,0.0
0.0,0.0,0.0,-0.0,0.0,-0.0,-0.0,0.0,0.0,0.0,0.0,0.0,-0.0,0.0
0.0,0.0,0.0,-0.0,0.0,-0.0,-0.0,0.0,0.0,0.0,0.0,0.0,-0.0,0.0
0.0,0.0,0.0,-0.0,0.0,-0.0,-0.0,0.0,0.0,0.0,0.0,0.0,-0.0,0.0
0.0,0.0,0.0,-0.0,0.0,-0.0,-0.0,0.0,0.0,0.0,0.0,0.0,-0.0,0.0
0.0,0.0,0.0,-78924767603.349426,0.0,-211349829364.35345,-42368616318.411354,49611618014.944489,199063339248.39066,0.0,70936530931.514908,0.0,-131997900269.70206,0.0
0.0,0.0,0.0,-0.0,0.0,-0.0,-0.0,0.0,0.0,0.0,0.0,0.0,-0.0,0.0
0.0,0.0,0.0,-102788660838.73555,0.0,-275254100690.37964,-55179298782.944801,64612312872.779579,259252636209.98779,0.0,92385080633.250046,0.0,-171909120726.65826,0.0
0.0,0.0,0.0,-0.0,0.0,-0.0,-0.0,0.0,0.0,0.0,0.0,0.0,-0.0,0.0
0.0,0.0,0.0,-0.0,0.0,-0.0,-0.0,0.0,0.0,0.0,0.0,0.0,-0.0,0.0
0.0,0.0,0.0,-63381728861.469017,0.0,-169727678477.45557,-34024758428.496105,39841360537.228081,159860826678.75574,0.0,56966654529.416466,0.0,-106002911116.87016,0.0
0.0,0.0,-0.0,0.0,0.0,0.0,0.0,0.0,0.0,0.0,0.0,-0.0,0.0,0.0
0.0,0.0,-0.0,0.0,0.0,0.0,0.0,0.0,0.0,0.0,0.0,-0.0,0.0,0.0
0.0,0.0,-0.0,0.0,0.0,0.0,0.0,0.0,0.0,0.0,0.0,-0.0,0.0,0.0
69888244301.835419,44610125883.15004,-7861672404.558383,0.0,43542097610.575829,0.0,0.0,0.0,0.0,0.0,46786636442.493202,-123915271529.17183,0.0,0.0
0.0,0.0,-0.0,0.0,0.0,0.0,0.0,0.0,0.0,0.0,0.0,-0.0,0.0,0.0
3591538955.2182975,2292502931.0303864,-404009329.12539351,0.0,2237617231.9468851,0.0,0.0,0.0,0.0,0.0,2404353250.6143866,-6367974031.8184748,0.0,0.0
63916658889.059052,40798423648.430428,-7189933563.2114353,0.0,39821652812.877991,0.0,0.0,0.0,0.0,0.0,42788962749.529564,-113327358851.21101,0.0,0.0
101222742989.82993,64611142433.513214,-11386464965.982162,0.0,63064262090.178955,0.0,0.0,0.0,0.0,0.0,67763494752.045532,-179472868546.26196,0.0,0.0
92691971841.991058,59165895116.355438,-10426845379.132612,0.0,57749381544.482819,0.0,0.0,0.0,0.0,0.0,62052575952.250099,-164347394531.31497,0.0,0.0
0.0,0.0,-0.0,0.0,0.0,0.0,0.0,0.0,0.0,0.0,0.0,-0.0,0.0,0.0
222805550291.72266,142218247793.6026,-25063217194.953621,0.0,138813345733.53232,0.0,0.0,0.0,0.0,0.0,149157020368.79895,-395045125806.37665,0.0,0.0
0.0,0.0,-0.0,0.0,0.0,0.0,0.0,0.0,0.0,0.0,0.0,-0.0,0.0,0.0
36883528592.89682,23542998825.922428,-4148998473.4657569,0.0,22979346787.971912,0.0,0.0,0.0,0.0,0.0,24691652512.250149,-65396298135.690224,0.0,0.0
0.0,0.0,-0.0,0.0,0.0,0.0,0.0,0.0,0.0,0.0,0.0,-0.0,0.0,0.0
129249886874.61476,-125256389138.526,0.0,26733763474.427902,-13768121760.671431,-134856107412.20111,0.0,0.0,0.0,-56431311782.289101,-19543906605.920963,0.0,-38145358665.221931,0.0
25663159525.784096,-24870232182.129822,0.0,5308111700.2011938,-2733723902.2676973,-26776300399.418877,0.0,0.0,0.0,-11204696511.05419,-3880532549.1026292,0.0,-7573936413.1397724,0.0
224175212149.53677,-217248759648.46133,0.0,46367909816.81295,-23879878669.397644,-233898823587.50815,0.0,0.0,0.0,-97876304549.059738,-33897587963.564892,0.0,-66160552075.313263,0.0
0.0,-0.0,0.0,0.0,-0.0,-0.0,0.0,0.0,0.0,-0.0,-0.0,0.0,-0.0,0.0
83293373594.593964,-80719816998.727127,0.0,17228218937.051743,-8872683274.5313549,-86906227988.376633,0.0,0.0,0.0,-36366409660.961861,-12594811135.146532,0.0,-24582269950.335556,0.0
0.0,-0.0,0.0,0.0,-0.0,-0.0,0.0,0.0,0.0,-0.0,-0.0,0.0,-0.0,0.0
0.0,-0.0,0.0,0.0,-0.0,-0.0,0.0,0.0,0.0,-0.0,-0.0,0.0,-0.0,0.0
0.0,-0.0,0.0,0.0,-0.0,-0.0,0.0,0.0,0.0,-0.0,-0.0,0.0,-0.0,0.0
0.0,-0.0,0.0,0.0,-0.0,-0.0,0.0,0.0,0.0,-0.0,-0.0,0.0,-0.0,0.0
0.0,-0.0,0.0,0.0,-0.0,-0.0,0.0,0.0,0.0,-0.0,-0.0,0.0,-0.0,0.0
78562456807.880997,-76135073689.873306,0.0,16249686472.138422,-8368730505.7195988,-81970107441.005753,0.0,0.0,0.0,-34300861700.629383,-11879448065.39315,0.0,-23186040351.933262,0.0
16481608275.243099,-15972367865.631474,0.0,3409019752.0711441,-1755674956.724508,-17196498887.834179,0.0,0.0,0.0,-7195973611.613822,-2492187967.3226237,0.0,-4864196590.3516521,0.0
0.0,-0.0,0.0,0.0,-0.0,-0.0,0.0,0.0,0.0,-0.0,-0.0,0.0,-0.0,0.0
0.0,-0.0,0.0,0.0,-0.0,-0.0,0.0,0.0,0.0,-0.0,-0.0,0.0,-0.0,0.0
187735530874.08304,-171739078147.70129,0.0,0.0,0.0,0.0,0.0,89289158661.521957,0.0,357419739501.72876,51421261385.625748,0.0,-24390952982.599991,0.0
15148129367.244637,-13857396951.340004,0.0,0.0,0.0,0.0,0.0,7204623015.1518345,0.0,28839721640.175159,4149112935.9993324,0.0,-1968073435.2764575,0.0
0.0,-0.0,0.0,0.0,0.0,0.0,0.0,0.0,0.0,0.0,0.0,0.0,-0.0,0.0
93095438519.684586,-85163020109.656815,0.0,0.0,0.0,0.0,0.0,44277251844.368958,0.0,177239477415.82449,25499088295.3367,0.0,-12095134326.762775,0.0
151296838576.52191,-138405231352.93451,0.0,0.0,0.0,0.0,0.0,71958501205.115692,0.0,288046042108.70154,41440606618.468155,0.0,-19656769600.055553,0.0
2792741599.7917032,-2554779404.9420176,0.0,0.0,0.0,0.0,0.0,1328259742.0074117,0.0,5316952898.8238583,764939354.40339541,0.0,-362838237.04505885,0.0
0.0,-0.0,0.0,0.0,0.0,0.0,0.0,0.0,0.0,0.0,0.0,0.0,-0.0,0.0
0.0,-0.0,0.0,0.0,0.0,0.0,0.0,0.0,0.0,0.0,0.0,0.0,-0.0,0.0
0.0,-0.0,0.0,0.0,0.0,0.0,0.0,0.0,0.0,0.0,0.0,0.0,-0.0,0.0
48076354671.148369,-43979894447.699234,0.0,0.0,0.0,0.0,0.0,22865662350.186352,0.0,91530026749.596756,13168241453.831532,0.0,-6246170348.7832565,0.0
39065097753.943459,-35736463123.285446,0.0,0.0,0.0,0.0,0.0,18579805832.382545,0.0,74373971713.372589,10700034209.336023,0.0,-5075410915.2421846,0.0
0.0,-0.0,0.0,0.0,0.0,0.0,0.0,0.0,0.0,0.0,0.0,0.0,-0.0,0.0
58075889304.946152,-53127394933.722145,0.0,0.0,0.0,0.0,0.0,27621555016.329563,0.0,110567611416.22905,15907140594.261198,0.0,-7545328680.5346823,0.0
0.0,-0.0,0.0,0.0,0.0,0.0,0.0,0.0,0.0,0.0,0.0,0.0,-0.0,0.0
-1985342553.9498591,0.0,0.0,0.0,-93331965884.197479,46566101349.54425,90721733211.339859,0.0,0.0,0.0,33179067489.615059,40732169554.387093,76868487237.750641,188033053440.66574
-749727.97089653485,0.0,0.0,0.0,-35245094.234710693,17584828.677498806,34259388.04436285,0.0,0.0,0.0,12529462.432434481,15381752.015272375,29027965.399718352,71007211.998292953
-0.0,0.0,0.0,0.0,-0.0,0.0,0.0,0.0,0.0,0.0,0.0,0.0,0.0,0.0
-0.0,0.0,0.0,0.0,-0.0,0.0,0.0,0.0,0.0,0.0,0.0,0.0,0.0,0.0
-0.0,0.0,0.0,0.0,-0.0,0.0,0.0,0.0,0.0,0.0,0.0,0.0,0.0,0.0
-0.0,0.0,0.0,0.0,-0.0,0.0,0.0,0.0,0.0,0.0,0.0,0.0,0.0,0.0
-0.0,0.0,0.0,0.0,-0.0,0.0,0.0,0.0,0.0,0.0,0.0,0.0,0.0,0.0
-898091035.02397048,0.0,0.0,0.0,-42219717536.90509,21064676256.921406,41038950742.703148,0.0,0.0,0.0,15008907658.577854,18425634528.959599,34772286085.709846,85058771972.259827
-0.0,0.0,0.0,0.0,-0.0,0.0,0.0,0.0,0.0,0.0,0.0,0.0,0.0,0.0
-50863088.372546747,0.0,0.0,0.0,-2391099721.9633193,1192990964.4029396,2324227385.5756621,0.0,0.0,0.0,850024515.15760159,1043529710.0384784,1969316907.8853261,4817275384.0816174
-407629512.718247,0.0,0.0,0.0,-19162871263.057766,9560927994.2843666,18626939632.316593,0.0,0.0,0.0,6812309083.0496511,8363108116.7220879,15782598289.536507,38606849884.142693
-0.0,0.0,0.0,0.0,-0.0,0.0,0.0,0.0,0.0,0.0,0.0,0.0,0.0,0.0
-388097359.71703035,0.0,0.0,0.0,-18244654790.072964,9102802410.6565285,17734403092.416183,0.0,0.0,0.0,6485887518.4911642,7962377791.2551003,15026352446.363119,36756947275.757965
-0.0,0.0,0.0,0.0,-0.0,0.0,0.0,0.0,0.0,0.0,0.0,0.0,0.0,0.0
-12290749487.036919,0.0,0.0,21665360692.393257,4889881273.3274231,0.0,25561776653.35825,0.0,0.0,34004774586.877171,-14628437069.997072,0.0,0.0,18748832038.501694
-0.0,0.0,0.0,0.0,0.0,0.0,0.0,0.0,0.0,0.0,-0.0,0.0,0.0,0.0
-0.0,0.0,0.0,0.0,0.0,0.0,0.0,0.0,0.0,0.0,-0.0,0.0,0.0,0.0
-0.0,0.0,0.0,0.0,0.0,0.0,0.0,0.0,0.0,0.0,-0.0,0.0,0.0,0.0
-11507566614.801104,0.0,0.0,20284815150.155205,4578291547.6906052,0.0,23932946313.927593,0.0,0.0,31837945211.762928,-13696293641.894123,0.0,0.0,17554131573.532684
-38857042476.341751,0.0,0.0,68494752218.120857,15459295183.125479,0.0,80813219912.902039,0.0,0.0,107505646577.07143,-46247610952.520035,0.0,0.0,59274185326.959396
-4080374618.0887904,0.0,0.0,7192627915.3454924,1623379229.5739908,0.0,8486189126.1899681,0.0,0.0,11289158506.116055,-4856457564.7465496,0.0,0.0,6224376995.8373442
-0.0,0.0,0.0,0.0,0.0,0.0,0.0,0.0,0.0,0.0,-0.0,0.0,0.0,0.0
-0.0,0.0,0.0,0.0,0.0,0.0,0.0,0.0,0.0,0.0,-0.0,0.0,0.0,0.0
-0.0,0.0,0.0,0.0,0.0,0.0,0.0,0.0,0.0,0.0,-0.0,0.0,0.0,0.0
-3762770495.6228309,0.0,0.0,6632775330.450367,1497020259.1616585,0.0,7825649616.2745371,0.0,0.0,10410444266.296202,-4478445473.3305511,0.0,0.0,5739890158.5512657
-42695112051.648346,0.0,0.0,75260260033.508347,16986273221.512299,0.0,88795473344.030167,0.0,0.0,118124420549.70052,-50815677311.032921,0.0,0.0,65128939904.408272
-26277742284.226082,0.0,0.0,46320752478.925034,10454613857.070744,0.0,54651327808.149109,0.0,0.0,72702539740.933426,-31275741137.823399,0.0,0.0,40085185769.80323
-17705680389.758911,0.0,0.0,31210460546.19733,7044214436.2894564,0.0,36823519029.177887,0.0,0.0,48986245403.183594,-21073282116.460361,0.0,0.0,27008997954.526928
37196785180.336685,0.0,0.0,64215838729.455437,21073662745.470974,0.0,0.0,0.0,40345478947.26049,0.0,0.0,22626293497.787132,0.0,0.0
0.0,0.0,0.0,0.0,0.0,0.0,0.0,0.0,0.0,0.0,0.0,0.0,0.0,0.0
0.0,0.0,0.0,0.0,0.0,0.0,0.0,0.0,0.0,0.0,0.0,0.0,0.0,0.0
32321006783.373455,0.0,0.0,55798385508.646751,18311313551.552647,0.0,0.0,0.0,35056967757.046738,0.0,0.0,19660424471.606369,0.0,0.0
4882977379.4694042,0.0,0.0,8429881410.4328976,2766427743.4142075,0.0,0.0,0.0,5296319563.8604603,0.0,0.0,2970248068.3555183,0.0,0.0
0.0,0.0,0.0,0.0,0.0,0.0,0.0,0.0,0.0,0.0,0.0,0.0,0.0,0.0
33239958766.304062,0.0,0.0,57384847135.636505,18831941451.885246,0.0,0.0,0.0,36053708677.024666,0.0,0.0,20219410340.287109,0.0,0.0
0.0,0.0,0.0,0.0,0.0,0.0,0.0,0.0,0.0,0.0,0.0,0.0,0.0,0.0
0.0,0.0,0.0,0.0,0.0,0.0,0.0,0.0,0.0,0.0,0.0,0.0,0.0,0.0
67229962941.220512,0.0,0.0,116064558727.05084,38088817583.158913,0.0,0.0,0.0,72920953822.213181,0.0,0.0,40895063000.163246,0.0,0.0
27613420872.142506,0.0,0.0,47671296669.784714,15644253015.066957,0.0,0.0,0.0,29950886482.73299,0.0,0.0,16796864624.239071,0.0,0.0
0.0,0.0,0.0,0.0,0.0,0.0,0.0,0.0,0.0,0.0,0.0,0.0,0.0,0.0
0.0,0.0,0.0,0.0,0.0,0.0,0.0,0.0,0.0,0.0,0.0,0.0,0.0,0.0
125888634402.34517,0.0,0.0,217331799118.10861,71321610510.720596,0.0,0.0,0.0,136545059589.29262,0.0,0.0,76576327126.48587,0.0,0.0
-19017591421.523918,78406989673.817719,1305044360.8517134,0.0,-11871442485.516893,15036715596.402596,34772844147.06958,31639080762.316185,0.0,0.0,0.0,61974188623.450684,-29237531375.680908,-24889083278.528046
-0.0,0.0,0.0,0.0,-0.0,0.0,0.0,0.0,0.0,0.0,0.0,0.0,-0.0,-0.0
-0.0,0.0,0.0,0.0,-0.0,0.0,0.0,0.0,0.0,0.0,0.0,0.0,-0.0,-0.0
-9785332883.2492218,40343620668.148224,671498993.49966812,0.0,-6108345370.8893328,7737008558.0350628,17892058344.00843,16279608206.792656,0.0,0.0,0.0,31888268730.149563,-15043912283.848799,-12806456908.295111
-866809880.3579433,3573741376.1801357,59483102.839793518,0.0,-541092897.22675729,685364058.89667153,1584924410.6019127,1442089442.4716256,0.0,0.0,0.0,2824744618.5627022,-1332628328.7920573,-1134428793.8830376
-0.0,0.0,0.0,0.0,-0.0,0.0,0.0,0.0,0.0,0.0,0.0,0.0,-0.0,-0.0
-0.0,0.0,0.0,0.0,-0.0,0.0,0.0,0.0,0.0,0.0,0.0,0.0,-0.0,-0.0
-0.0,0.0,0.0,0.0,-0.0,0.0,0.0,0.0,0.0,0.0,0.0,0.0,-0.0,-0.0
-18265578169.008072,75306539463.395676,1253438948.1194358,0.0,-11402009638.963867,14442118249.547808,33397820410.011658,30387975535.40757,0.0,0.0,0.0,59523541213.600227,-28081390696.347813,-23904893427.480976
-0.0,0.0,0.0,0.0,-0.0,0.0,0.0,0.0,0.0,0.0,0.0,0.0,-0.0,-0.0
-0.0,0.0,0.0,0.0,-0.0,0.0,0.0,0.0,0.0,0.0,0.0,0.0,-0.0,-0.0
-25761414861.568939,106210873094.47063,1767825822.2858613,0.0,-16081171800.153723,20368881634.292191,47103633900.530846,42858607448.797478,0.0,0.0,0.0,83950840485.030502,-39605445221.869156,-33714995009.127209
-0.0,0.0,0.0,0.0,-0.0,0.0,0.0,0.0,0.0,0.0,0.0,0.0,-0.0,-0.0
-0.0,0.0,0.0,0.0,-0.0,0.0,0.0,0.0,0.0,0.0,0.0,0.0,-0.0,-0.0
0.0,-23526617361.698299,-19272686208.804222,-16391354606.843302,-48047049497.483192,0.0,-22712817233.291954,39877456410.700203,-41707597006.799866,15545647511.043276,0.0,95553144809.578568,0.0,50434595519.922173
0.0,-10238623793.378336,-8387341900.7114429,-7133405993.0157671,-20909749014.213879,0.0,-9884463514.8454571,17354397691.302006,-18150862425.877895,6765360019.3781023,0.0,41584078447.767754,0.0,21948792797.572495
0.0,-707300135.31237233,-579410688.48735285,-492786835.99657297,-1444478145.2626543,0.0,-682834189.69470274,1198868918.6198184,-1253889947.4129062,467361644.85677826,0.0,2872693137.9164891,0.0,1516256913.9132149
0.0,-0.0,-0.0,-0.0,-0.0,0.0,-0.0,0.0,-0.0,0.0,0.0,0.0,0.0,0.0
0.0,-2143265957.1412091,-1755734435.5522432,-1493246214.7095931,-4377068064.9009714,0.0,-2069129072.7640257,3632821219.8316045,-3799546337.0083895,1416202617.6520808,0.0,8704855407.7971592,0.0,4594572605.9206314
0.0,-13461304356.534027,-11027318157.817902,-9378696894.0895805,-27491243079.085308,0.0,-12995669580.167965,22816819326.639683,-23863977071.443832,8894805800.0992279,0.0,54672966569.33667,0.0,28857333374.990185
0.0,-24027597981.848148,-19683082745.645897,-16740395477.01112,-49070173233.61396,0.0,-23196468626.433132,40726615154.411293,-42595727140.09491,15876679720.688192,0.0,97587873092.357742,0.0,51508560151.221527
0.0,-16968189695.194778,-13900111116.668741,-11821997614.622007,-34653152114.20842,0.0,-16381249603.447737,28760966123.426487,-30080925228.727047,11212045142.173956,0.0,68916149830.402359,0.0,36375130807.189034
0.0,-0.0,-0.0,-0.0,-0.0,0.0,-0.0,0.0,-0.0,0.0,0.0,0.0,0.0,0.0
0.0,-0.0,-0.0,-0.0,-0.0,0.0,-0.0,0.0,-0.0,0.0,0.0,0.0,0.0,0.0
0.0,-0.0,-0.0,-0.0,-0.0,0.0,-0.0,0.0,-0.0,0.0,0.0,0.0,0.0,0.0
0.0,-20651320588.27916,-16917282045.963955,-14388091311.978233,-42174997248.385429,0.0,-19936978739.294842,35003847936.21904,-36610318581.387474,13645741993.729784,0.0,83875152825.557953,0.0,44270750223.436104
0.0,-14174110284.38608,-11611239116.962387,-9875319700.0652695,-28946965385.912285,0.0,-13683819113.660532,24025020526.166355,-25127627596.542755,9365805499.1979275,0.0,57568021434.132439,0.0,30385393193.481068
0.0,-8721209678.9542599,-7144296815.7976856,-6076200341.5375013,-17810821958.826504,0.0,-8419537685.59128,14782391088.115625,-15460815854.207851,5762700580.9871788,0.0,35421114670.080185,0.0,18695874372.427727
0.0,-0.0,0.0,-0.0,-0.0,-0.0,0.0,-0.0,0.0,0.0,0.0,0.0,0.0,0.0
0.0,-125447340.24439646,0.0,-2378103080.4170775,-3037898322.3336854,-933338314.94429982,0.0,-138875728.90029651,0.0,1351983818.0180488,0.0,382121234.93415368,2747619870.8437824,6834239421.456686
0.0,-673906215.90936577,0.0,-12775228592.683258,-16319664958.482471,-5013916522.7573061,0.0,-746043852.04599226,0.0,7262890524.3922682,0.0,2052764729.418741,14760281934.318838,36713703281.072273
0.0,-153408315.59589803,0.0,-2908158811.2546391,-3715015907.6539879,-1141370223.5358036,0.0,-169829759.69232404,0.0,1653327681.8065059,0.0,467292290.85661244,3360037251.1906772,8357524009.5342436
0.0,-1558052120.5083723,0.0,-29535967362.981419,-37730604042.936256,-11592033262.065384,0.0,-1724832295.9953544,0.0,16791597577.535076,0.0,4745934024.7513142,34125354573.313221,84881044125.111572
0.0,-0.0,0.0,-0.0,-0.0,-0.0,0.0,-0.0,0.0,0.0,0.0,0.0,0.0,0.0
0.0,-636247275.67870617,0.0,-12061328707.73313,-15407696389.641523,-4733730974.3909903,0.0,-704353747.14654481,0.0,6857028768.4046993,0.0,1938053004.8081114,13935454143.700928,34662083745.789604
0.0,-60867156.549385697,0.0,-1153857644.2061179,-1473990858.685106,-452856546.9668628,0.0,-67382622.185662284,0.0,655983702.3504895,0.0,185405549.31072479,1333147506.2845881,3315978799.9599972
0.0,-1100724183.4903426,0.0,-20866409493.802578,-26655711821.891689,-8189476577.4693794,0.0,-1218550134.2842002,0.0,11862836480.078712,0.0,3352881643.3874588,24108694795.635231,59966298147.931007
0.0,-2501891546.9560642,0.0,-47428315204.565926,-60587112635.081627,-18614274611.642605,0.0,-2769704096.8434081,0.0,26963639717.916092,0.0,7620933897.2962055,54797869095.671272,136300425382.51544
0.0,-0.0,0.0,-0.0,-0.0,-0.0,0.0,-0.0,0.0,0.0,0.0,0.0,0.0,0.0
0.0,-2160447227.8100233,0.0,-40955561094.592827,-52318518639.518951,-16073901377.278198,0.0,-2391710202.2905898,0.0,23283791318.258549,0.0,6580870994.0959558,47319359035.237411,117698897270.44736
0.0,-0.0,0.0,-0.0,-0.0,-0.0,0.0,-0.0,0.0,0.0,0.0,0.0,0.0,0.0
0.0,-3965078396.5389404,0.0,-75165923251.4151,-96020409721.721786,-29500502617.575489,0.0,-4389516361.1550627,0.0,42732845661.373474,0.0,12077901775.7124,86845429887.625183,216013309122.37601
0.0,0.0,0.0,-0.0,0.0,0.0,0.0,0.0,0.0,-0.0,0.0,-0.0,0.0,0.0
0.0,53747407226.963348,0.0,-4998775535.5572319,8910197405.8552418,0.0,0.0,0.0,35549096292.41272,-18089642348.924568,0.0,-12851788596.917669,0.0,47291041908.165817
0.0,0.0,0.0,-0.0,0.0,0.0,0.0,0.0,0.0,-0.0,0.0,-0.0,0.0,0.0
0.0,41039752041.160965,0.0,-3816900555.2657433,6803533622.1883612,0.0,0.0,0.0,27144120477.61211,-13812655806.412807,0.0,-9813202989.9727764,0.0,36109883877.44281
0.0,57101691642.147346,0.0,-5310740628.1824083,9466267695.3199139,0.0,0.0,0.0,37767655025.18998,-19218586209.435295,0.0,-13653846899.299448,0.0,50242395527.523209
0.0,99022552091.706268,0.0,-9209588636.9778519,16415870686.429314,0.0,0.0,0.0,65494549803.372993,-33327794664.634346,0.0,-23677735754.506226,0.0,87127545353.911743
0.0,0.0,0.0,-0.0,0.0,0.0,0.0,0.0,0.0,-0.0,0.0,-0.0,0.0,0.0
0.0,6291244540.6544666,0.0,-585116955.7860055,1042956929.0482681,0.0,0.0,0.0,4161094823.2428303,-2117429836.0009177,0.0,-1504328283.3453944,0.0,5535513703.3913298
0.0,0.0,0.0,-0.0,0.0,0.0,0.0,0.0,0.0,-0.0,0.0,-0.0,0.0,0.0
0.0,54094356155.515717,0.0,-5031043507.2718811,8967714290.9041767,0.0,0.0,0.0,35778571936.09494,-18206414159.039093,0.0,-12934749143.551168,0.0,47596313867.627556
0.0,0.0,0.0,-0.0,0.0,0.0,0.0,0.0,0.0,-0.0,0.0,-0.0,0.0,0.0
0.0,192481601303.81714,0.0,-17901743903.280067,31909428809.651482,0.0,0.0,0.0,127309340716.15092,-64783093845.456711,0.0,-46025156865.834045,0.0,169359899266.7905
0.0,38197711072.188751,0.0,-3552576644.5930319,6332382596.0163155,0.0,0.0,0.0,25264364908.262691,-12856116555.084848,0.0,-9133629563.0580292,0.0,33609240860.36042
0.0,134912518798.30933,0.0,-12547533605.88286,22365677472.364449,0.0,0.0,0.0,89232548494.116608,-45407198958.420609,0.0,-32259549997.48764,0.0,118706257838.35646
-0.0,0.0,0.0,0.0,0.0,0.0,0.0,0.0,-0.0,0.0,0.0,0.0,0.0,0.0
-13952589808.327948,20708155237.539448,0.0,36629773470.996025,0.0,0.0,7161745044.9407253,20259788876.496189,-5456936340.905508,839165815.99061799,0.0,0.0,13244810334.164442,0.0
-0.0,0.0,0.0,0.0,0.0,0.0,0.0,0.0,-0.0,0.0,0.0,0.0,0.0,0.0
-14148752786.061428,20999296412.802715,0.0,37144760691.037758,0.0,0.0,7262433824.090889,20544626356.050919,-5533656784.6825571,850963859.7615751,0.0,0.0,13431022461.830811,0.0
-29089774798.448273,43174462994.086945,0.0,76369468021.875656,0.0,0.0,14931532667.639915,42239663315.38047,-11377174519.361349,1749578031.1088028,0.0,0.0,27614124342.638885,0.0
-0.0,0.0,0.0,0.0,0.0,0.0,0.0,0.0,-0.0,0.0,0.0,0.0,0.0,0.0
-0.0,0.0,0.0,0.0,0.0,0.0,0.0,0.0,-0.0,0.0,0.0,0.0,0.0,0.0
-0.0,0.0,0.0,0.0,0.0,0.0,0.0,0.0,-0.0,0.0,0.0,0.0,0.0,0.0
-137522990005.41254,204108876193.21115,0.0,361039494470.45264,0.0,0.0,70589374859.198639,199689576017.71887,-53786014795.804672,8271195076.3778286,0.0,0.0,130546797707.8846,0.0
-20722126249.911137,30755366073.968708,0.0,54401856630.126793,0.0,0.0,10636490216.487055,30089460713.932537,-8104540113.8703184,1246313424.4216115,0.0,0.0,19670945370.791637,0.0
-0.0,0.0,0.0,0.0,0.0,0.0,0.0,0.0,-0.0,0.0,0.0,0.0,0.0,0.0
-123424303796.10213,183183887594.06989,0.0,324026173704.90906,0.0,0.0,63352639780.852409,179217648586.28903,-48271939330.854912,7423242425.3101444,0.0,0.0,117163302072.41777,0.0
-0.0,0.0,0.0,0.0,0.0,0.0,0.0,0.0,-0.0,0.0,0.0,0.0,0.0,0.0
-16249360493.750572,24116976435.04739,0.0,42659492044.937035,0.0,0.0,8340657798.8921576,23594803366.538319,-6355216272.6016531,977302998.61069381,0.0,0.0,15425071671.119566,0.0
-153168627330.50708,-7446045733.7966309,0.0,128672288306.23225,0.0,0.0,0.0,135276453683.67917,-41764780034.717148,136998205025.94406,0.0,146311453902.76367,-77232801378.716049,126325569501.72926
-114969841587.84653,-5589073385.2646656,0.0,96582654432.176834,0.0,0.0,0.0,101539804342.69107,-31349044698.178333,102832167423.32848,0.0,109822781406.73706,-57971681894.991119,94821184776.757431
-0.0,-0.0,0.0,0.0,0.0,0.0,0.0,0.0,-0.0,0.0,0.0,0.0,-0.0,0.0
-12364908383.741884,-601100074.63133836,0.0,10387382090.980556,0.0,0.0,0.0,10920519334.986834,-3371563013.8937283,11059511881.814013,0.0,11811346452.142666,-6234804933.0422649,10197937532.223291
-0.0,-0.0,0.0,0.0,0.0,0.0,0.0,0.0,-0.0,0.0,0.0,0.0,-0.0,0.0
-0.0,-0.0,0.0,0.0,0.0,0.0,0.0,0.0,-0.0,0.0,0.0,0.0,-0.0,0.0
-33479409151.427933,-1627547468.6086068,0.0,28125029660.018593,0.0,0.0,0.0,29568559961.417343,-9128893973.0753078,29944898240.667728,0.0,31980576663.268684,-16881450218.193594,27612086765.71574
-45087723127.948112,-2191866926.6326599,0.0,37876819884.742836,0.0,0.0,0.0,39820865380.345451,-12294154955.385717,40327691413.640785,0.0,43069200520.943993,-22734754666.472012,37186024324.577194
-58646462686.432472,-2851003177.9960861,0.0,49267103103.60231,0.0,0.0,0.0,51795760212.657227,-15991242179.300074,52454998514.973343,0.0,56020931776.001358,-29571529647.856155,48368572123.711349
-13619828090.749495,-662105971.81456804,0.0,11441601830.071308,0.0,0.0,0.0,12028847395.245813,-3713744349.83605,12181946353.598848,0.0,13010084927.92284,-6867577885.0934668,11232930464.063093
-0.0,-0.0,0.0,0.0,0.0,0.0,0.0,0.0,-0.0,0.0,0.0,0.0,-0.0,0.0
-0.0,-0.0,0.0,0.0,0.0,0.0,0.0,0.0,-0.0,0.0,0.0,0.0,-0.0,0.0
-72552553151.435501,-3527025333.3510184,0.0,60949185216.046959,0.0,0.0,0.0,64077430653.242004,-19783042233.501198,64892985757.119003,0.0,69304463459.33786,-36583450702.162834,59837597002.699661
-0.0,-0.0,0.0,0.0,0.0,0.0,0.0,0.0,-0.0,0.0,0.0,0.0,-0.0,0.0
17846924535.830441,0.0,0.0,0.0,2357852348.6173296,20127843259.211025,0.0,0.0,46541354970.912628,36857098004.314842,28758634777.34848,23478033737.476536,-29499025905.086716,-37769160511.425079
37675980860.685593,0.0,0.0,0.0,4977574695.3196545,42491143831.444893,0.0,0.0,98251729343.847214,77807653425.277649,60711287890.27578,49563606769.54792,-62274300156.175369,-79733074776.874985
0.0,0.0,0.0,0.0,0.0,0.0,0.0,0.0,0.0,0.0,0.0,0.0,-0.0,-0.0
5592200372.5782127,0.0,0.0,0.0,738815405.19489288,6306909201.4916315,0.0,0.0,14583385618.407436,11548896101.29068,9011303196.4611015,7356666340.4962311,-9243299220.8785782,-11834684068.950687
0.0,0.0,0.0,0.0,0.0,0.0,0.0,0.0,0.0,0.0,0.0,0.0,-0.0,-0.0
0.0,0.0,0.0,0.0,0.0,0.0,0.0,0.0,0.0,0.0,0.0,0.0,-0.0,-0.0
0.0,0.0,0.0,0.0,0.0,0.0,0.0,0.0,0.0,0.0,0.0,0.0,-0.0,-0.0
49613357377.817474,0.0,0.0,0.0,6554685149.3219776,55954171759.905655,0.0,0.0,129382116923.50308,102460475558.47011,79947243685.721603,65267496145.193855,-82005485684.005112,-104995953479.34779
6048625777.7161322,0.0,0.0,0.0,799116198.83093119,6821667864.5707464,0.0,0.0,15773655502.477301,12491496371.441071,9746789666.5871964,7957104306.0939178,-9997720792.106266,-12800609842.522305
1099001604.9980605,0.0,0.0,0.0,145194961.19773978,1239459045.3168523,0.0,0.0,2865985324.7615809,2269635296.6019878,1770937379.9617712,1445761520.8650122,-1816530167.4516852,-2325799492.1282434
0.0,0.0,0.0,0.0,0.0,0.0,0.0,0.0,0.0,0.0,0.0,0.0,-0.0,-0.0
23595403861.745232,0.0,0.0,0.0,3117314599.5152068,26611004580.285332,0.0,0.0,61532286114.999733,48728738155.291725,38021766759.96093,31040288583.237488,-39000637244.87632,-49934575225.9431
2330289046.6503735,0.0,0.0,0.0,307866909.53787655,2628110663.2948794,0.0,0.0,6076946730.3593359,4812464556.4753456,3755040902.6344504,3065548058.1816521,-3851714440.5172195,-4931553381.3265104
1381068278.9102306,0.0,0.0,0.0,182460293.28424332,1557575132.475338,0.0,0.0,3601561091.3120012,2852153535.1511617,2225461207.9532981,1816826623.596427,-2282755712.5864615,-2922732675.7994232
25549509271.041473,8767205397.0100918,-11043231116.330677,0.0,-4629297979.2654104,43100976198.151344,0.0,0.0,-7529218588.4764395,0.0,0.0,0.0,24132484723.001144,0.0
0.0,0.0,-0.0,0.0,-0.0,0.0,0.0,0.0,-0.0,0.0,0.0,0.0,0.0,0.0
0.0,0.0,-0.0,0.0,-0.0,0.0,0.0,0.0,-0.0,0.0,0.0,0.0,0.0,0.0
0.0,0.0,-0.0,0.0,-0.0,0.0,0.0,0.0,-0.0,0.0,0.0,0.0,0.0,0.0
19866891264.683849,6817239206.8197603,-8587040536.5312757,0.0,-3599668338.4493675,33514632255.615723,0.0,0.0,-5854600392.456008,0.0,0.0,0.0,18765035557.137516,0.0
81593078767.580322,27998317812.725655,-35266870168.212563,0.0,-14783793718.062517,137644183635.31311,0.0,0.0,-24044772008.368443,0.0,0.0,0.0,77067770890.340744,0.0
0.0,0.0,-0.0,0.0,-0.0,0.0,0.0,0.0,-0.0,0.0,0.0,0.0,0.0,0.0
0.0,0.0,-0.0,0.0,-0.0,0.0,0.0,0.0,-0.0,0.0,0.0,0.0,0.0,0.0
9156153721.2100029,3141895191.3660049,-3957552397.8684821,0.0,-1658997183.4599204,15446056494.391546,0.0,0.0,-2698239017.6401196,0.0,0.0,0.0,8648335960.369833,0.0
33633764070.791485,11541283034.246992,-14537478039.4265,0.0,-6094078535.7658548,56738783093.282074,0.0,0.0,-9911578299.050108,0.0,0.0,0.0,31768371321.92458,0.0
168678396853.41064,57881274178.850403,-72907643783.814529,0.0,-30562722493.62825,284553550160.01935,0.0,0.0,-49708059266.037537,0.0,0.0,0.0,159323171023.83725,0.0
17114279743.565126,5872692275.2989693,-7397282843.7820759,0.0,-3100924553.6965041,28871089305.498653,0.0,0.0,-5043429672.4315805,0.0,0.0,0.0,16165089124.622463,0.0
49711245285.000107,17058202305.620243,-21486626805.199772,0.0,-9007146278.3612766,83860835724.063751,0.0,0.0,-14649472445.263819,0.0,0.0,0.0,46954164742.46537,0.0
13196759419.875685,4528411844.6890879,-5704018136.4845657,0.0,-2391111745.7165937,22262392894.31197,0.0,0.0,-3888970440.7903605,0.0,0.0,0.0,12464841955.075624,0.0
0.0,0.0,0.0,13596174915.518595,0.0,-14188621650.153048,0.0,0.0,0.0,-3218218556.1170387,0.0,0.0,0.0,27040749109.795296
0.0,0.0,0.0,44650670683.562004,0.0,-46596302025.471344,0.0,0.0,0.0,-10568826734.708815,0.0,0.0,0.0,88803475318.649139
0.0,0.0,0.0,76340477095.142014,0.0,-79666976397.812088,0.0,0.0,0.0,-18069813127.366848,0.0,0.0,0.0,151829738943.3866
0.0,0.0,0.0,0.0,0.0,-0.0,0.0,0.0,0.0,-0.0,0.0,0.0,0.0,0.0
0.0,0.0,0.0,42741793601.824272,0.0,-44604246549.742569,0.0,0.0,0.0,-10116994974.381641,0.0,0.0,0.0,85007005607.907745
0.0,0.0,0.0,70384521022.463745,0.0,-73451492424.911163,0.0,0.0,0.0,-16660036593.039284,0.0,0.0,0.0,139984237184.91559
0.0,0.0,0.0,0.0,0.0,-0.0,0.0,0.0,0.0,-0.0,0.0,0.0,0.0,0.0
0.0,0.0,0.0,0.0,0.0,-0.0,0.0,0.0,0.0,-0.0,0.0,0.0,0.0,0.0
0.0,0.0,0.0,40880818065.597679,0.0,-42662179906.16243,0.0,0.0,0.0,-9676501523.8061848,0.0,0.0,0.0,81305804874.079849
0.0,0.0,0.0,0.0,0.0,-0.0,0.0,0.0,0.0,-0.0,0.0,0.0,0.0,0.0
0.0,0.0,0.0,0.0,0.0,-0.0,0.0,0.0,0.0,-0.0,0.0,0.0,0.0,0.0
0.0,0.0,0.0,0.0,0.0,-0.0,0.0,0.0,0.0,-0.0,0.0,0.0,0.0,0.0
0.0,0.0,0.0,46945413107.717583,0.0,-48991036738.963127,0.0,0.0,0.0,-11111992933.791567,0.0,0.0,0.0,93367373219.989716
0.0,0.0,0.0,0.0,0.0,-0.0,0.0,0.0,0.0,-0.0,0.0,0.0,0.0,0.0
0.0,0.0,0.0,0.0,0.0,0.0,0.0,0.0,0.0,0.0,0.0,0.0,0.0,0.0
0.0,0.0,0.0,0.0,0.0,0.0,0.0,0.0,0.0,0.0,0.0,0.0,0.0,0.0
0.0,0.0,0.0,0.0,0.0,0.0,0.0,0.0,0.0,0.0,0.0,0.0,0.0,0.0
0.0,0.0,0.0,0.0,7936545990.2602186,0.0,94018720885.262802,0.0,0.0,0.0,0.0,22733267918.266747,274122010035.83536,0.0
0.0,0.0,0.0,0.0,0.0,0.0,0.0,0.0,0.0,0.0,0.0,0.0,0.0,0.0
0.0,0.0,0.0,0.0,3289292672.0070109,0.0,38965954461.662201,0.0,0.0,0.0,0.0,9421777643.0821342,113609562642.64552,0.0
0.0,0.0,0.0,0.0,0.0,0.0,0.0,0.0,0.0,0.0,0.0,0.0,0.0,0.0
0.0,0.0,0.0,0.0,0.0,0.0,0.0,0.0,0.0,0.0,0.0,0.0,0.0,0.0
0.0,0.0,0.0,0.0,0.0,0.0,0.0,0.0,0.0,0.0,0.0,0.0,0.0,0.0
0.0,0.0,0.0,0.0,3154398285.5862699,0.0,37367954817.80648,0.0,0.0,0.0,0.0,9035389127.1034889,108950417418.31453,0.0
0.0,0.0,0.0,0.0,0.0,0.0,0.0,0.0,0.0,0.0,0.0,0.0,0.0,0.0
0.0,0.0,0.0,0.0,0.0,0.0,0.0,0.0,0.0,0.0,0.0,0.0,0.0,0.0
0.0,0.0,0.0,0.0,0.0,0.0,0.0,0.0,0.0,0.0,0.0,0.0,0.0,0.0
0.0,0.0,0.0,0.0,5610341883.737936,0.0,66461804453.143723,0.0,0.0,0.0,0.0,16070139996.997118,193776763348.41644,0.0
0.0,0.0,0.0,0.0,-0.0,0.0,0.0,0.0,0.0,0.0,0.0,-0.0,0.0,0.0
0.0,0.0,0.0,0.0,-0.0,0.0,0.0,0.0,0.0,0.0,0.0,-0.0,0.0,0.0
0.0,0.0,0.0,0.0,-0.0,0.0,0.0,0.0,0.0,0.0,0.0,-0.0,0.0,0.0
0.0,0.0,0.0,0.0,-0.0,0.0,0.0,0.0,0.0,0.0,0.0,-0.0,0.0,0.0
2405478849.1790814,4031395513.8843236,0.0,0.0,-23332125000.536995,69349577764.738113,0.0,0.0,0.0,11135173834.726696,59843986883.408272,-72308400488.524445,0.0,93540919564.004013
0.0,0.0,0.0,0.0,-0.0,0.0,0.0,0.0,0.0,0.0,0.0,-0.0,0.0,0.0
857891214.06189084,1437758969.6746516,0.0,0.0,-8321181061.3863811,24732869084.911873,0.0,0.0,0.0,3971254123.9445786,21342790263.664837,-25788105143.033619,0.0,33360481667.346741
0.0,0.0,0.0,0.0,-0.0,0.0,0.0,0.0,0.0,0.0,0.0,-0.0,0.0,0.0
0.0,0.0,0.0,0.0,-0.0,0.0,0.0,0.0,0.0,0.0,0.0,-0.0,0.0,0.0
0.0,0.0,0.0,0.0,-0.0,0.0,0.0,0.0,0.0,0.0,0.0,-0.0,0.0,0.0
0.0,0.0,0.0,0.0,-0.0,0.0,0.0,0.0,0.0,0.0,0.0,-0.0,0.0,0.0
2820116773.8098912,4726296435.508893,0.0,0.0,-27353937077.891518,81303524068.696335,0.0,0.0,0.0,13054569372.463409,70159432613.242035,-84772365874.113739,0.0,109664783122.11116
2235578427.1459084,3746655617.1168523,0.0,0.0,-21684162938.482357,64451375257.544022,0.0,0.0,0.0,10348689790.363367,55617169993.661514,-67201214547.672562,0.0,86934067994.006195
0.0,0.0,0.0,0.0,-0.0,0.0,0.0,0.0,0.0,0.0,0.0,-0.0,0.0,0.0
22341071042.518353,5107307508.9742603,21464565158.955349,49232368509.088486,25682300915.990643,-25612836784.426346,0.0,0.0,8021936613.917367,26441124719.260269,47474488727.936394,-18953280568.633686,0.0,-1172503590.2013113
7166109018.9364567,1638217001.0062654,6884961498.9541874,15791746032.459373,8237839979.599061,-8215558704.9570293,0.0,0.0,2573111746.0270972,8481239863.6084356,15227889531.132925,-6079443307.0299559,0.0,-376091573.07123721
0.0,0.0,0.0,0.0,0.0,-0.0,0.0,0.0,0.0,0.0,0.0,-0.0,0.0,-0.0
0.0,0.0,0.0,0.0,0.0,-0.0,0.0,0.0,0.0,0.0,0.0,-0.0,0.0,-0.0
24607212188.188995,5625361440.5719175,23641798926.667953,54226197845.423149,28287355915.836376,-28210845769.048077,0.0,0.0,8835632635.6596985,29123150149.020981,52290009526.885818,-20875785038.552738,0.0,-1291435159.065891
16317372026.617935,3730252525.4795585,15677193560.760246,35958118175.510307,18757724629.594627,-18706989726.37162,0.0,0.0,5859026357.9629326,19311950981.457478,34674205765.37838,-13843012699.556009,0.0,-856367953.32903337
0.0,0.0,0.0,0.0,0.0,-0.0,0.0,0.0,0.0,0.0,0.0,-0.0,0.0,-0.0
0.0,0.0,0.0,0.0,0.0,-0.0,0.0,0.0,0.0,0.0,0.0,-0.0,0.0,-0.0
0.0,0.0,0.0,0.0,0.0,-0.0,0.0,0.0,0.0,0.0,0.0,-0.0,0.0,-0.0
23077186094.068981,5275587978.7466574,22171800253.388634,50854523839.692642,26528506016.307182,-26456753113.864799,0.0,0.0,8286251080.8850174,27312332274.562008,49038723748.307442,-19577771448.067398,0.0,-1211136363.8540039
45995638270.186096,10514888398.604954,44191094186.989388,101359250360.86707,52874538585.452606,-52731526325.11364,0.0,0.0,16515506083.745609,54436799638.182442,97740139961.796814,-39020879321.726273,0.0,-2413942057.7803631
3070226938.6402397,701872934.74560237,2949772911.5942535,6765769813.0048246,3529396239.261549,-3519850114.6557922,0.0,0.0,1102416524.4916251,3633677778.765451,6524192770.9412317,-2604659036.5645375,0.0,-161131581.44644958
0.0,0.0,0.0,0.0,0.0,-0.0,0.0,0.0,0.0,0.0,0.0,-0.0,0.0,-0.0
18831976990.777367,4305106828.1722794,18093143181.058689,41499480002.553909,21648402576.568592,-21589849120.254272,0.0,0.0,6761937484.8797493,22288038535.651821,40017708984.136467,-15976304040.615206,0.0,-988339394.75204146
0.0,0.0,-7055994167.518712,0.0,29249797905.592426,0.0,0.0,0.0,0.0,0.0,4928471512.2203236,23026949936.266075,0.0,0.0
0.0,0.0,-13688483427.537405,0.0,56744005789.097534,0.0,0.0,0.0,0.0,0.0,9561133274.2699871,44671808834.580612,0.0,0.0
0.0,0.0,-24355507068.132294,0.0,100962903698.31975,0.0,0.0,0.0,0.0,0.0,17011837014.19952,79483206563.856567,0.0,0.0
0.0,0.0,-15281761115.560289,0.0,63348751948.992279,0.0,0.0,0.0,0.0,0.0,10674006033.239174,49871405756.806305,0.0,0.0
0.0,0.0,-3974837816.8454657,0.0,16477224908.35346,0.0,0.0,0.0,0.0,0.0,2776345116.0714059,12971721523.611216,0.0,0.0
0.0,0.0,-20277177687.694645,0.0,84056666626.954575,0.0,0.0,0.0,0.0,0.0,14163205100.433865,66173744532.375679,0.0,0.0
0.0,0.0,-0.0,0.0,0.0,0.0,0.0,0.0,0.0,0.0,0.0,0.0,0.0,0.0
0.0,0.0,-0.0,0.0,0.0,0.0,0.0,0.0,0.0,0.0,0.0,0.0,0.0,0.0
0.0,0.0,-16810529225.825312,0.0,69686081205.245193,0.0,0.0,0.0,0.0,0.0,11741820135.88059,54860478296.191933,0.0,0.0
0.0,0.0,-2304038912.7733135,0.0,9551123621.3137913,0.0,0.0,0.0,0.0,0.0,1609325330.3585937,7519137266.2793951,0.0,0.0
0.0,0.0,-10857029148.127632,0.0,45006543500.238426,0.0,0.0,0.0,0.0,0.0,7583418805.8448133,35431472973.911507,0.0,0.0
0.0,0.0,-2019123067.2581332,0.0,8370038333.6043453,0.0,0.0,0.0,0.0,0.0,1410317282.071682,6589325994.4775505,0.0,0.0
0.0,0.0,-0.0,0.0,0.0,0.0,0.0,0.0,0.0,0.0,0.0,0.0,0.0,0.0
0.0,0.0,-13467583491.465199,0.0,55828290960.815224,0.0,0.0,0.0,0.0,0.0,9406839064.8168621,43950910879.155029,0.0,0.0
-0.0,0.0,-0.0,0.0,0.0,0.0,0.0,0.0,0.0,-0.0,0.0,-0.0,0.0,-0.0
-0.0,0.0,-0.0,0.0,0.0,0.0,0.0,0.0,0.0,-0.0,0.0,-0.0,0.0,-0.0
-80616291589.051758,0.0,-4478250147.6058187,60857745280.090172,0.0,157056149215.21469,36417003203.783371,0.0,0.0,-11755104711.524933,49246917372.69294,-67626528873.087608,0.0,-30508841528.449135
-0.0,0.0,-0.0,0.0,0.0,0.0,0.0,0.0,0.0,-0.0,0.0,-0.0,0.0,-0.0
-145099541143.94019,0.0,-8060306778.4084587,109536555715.18634,0.0,282682008013.08905,65546186143.645226,0.0,0.0,-21157761863.271786,88638474589.690979,-121719544712.66016,0.0,-54912212151.573944
-0.0,0.0,-0.0,0.0,0.0,0.0,0.0,0.0,0.0,-0.0,0.0,-0.0,0.0,-0.0
-0.0,0.0,-0.0,0.0,0.0,0.0,0.0,0.0,0.0,-0.0,0.0,-0.0,0.0,-0.0
-0.0,0.0,-0.0,0.0,0.0,0.0,0.0,0.0,0.0,-0.0,0.0,-0.0,0.0,-0.0
-0.0,0.0,-0.0,0.0,0.0,0.0,0.0,0.0,0.0,-0.0,0.0,-0.0,0.0,-0.0
-0.0,0.0,-0.0,0.0,0.0,0.0,0.0,0.0,0.0,-0.0,0.0,-0.0,0.0,-0.0
-19162990675.411373,0.0,-1064507733.2282598,14466262120.736259,0.0,37333217189.761055,8656546698.7481842,0.0,0.0,-2794261030.0624256,11706296578.566914,-16075243808.180969,0.0,-7252140159.3058672
-143606843884.79535,0.0,-7977387165.1475086,108409709171.06099,0.0,279773944657.10571,64871886200.084709,0.0,0.0,-20940103468.944992,87726614999.841843,-120467366867.4063,0.0,-54347308169.617714
-0.0,0.0,-0.0,0.0,0.0,0.0,0.0,0.0,0.0,-0.0,0.0,-0.0,0.0,-0.0
-0.0,0.0,-0.0,0.0,0.0,0.0,0.0,0.0,0.0,-0.0,0.0,-0.0,0.0,-0.0
-7805097234.5770712,0.0,0.0,76694058454.669601,38790149577.229713,-43077624849.106194,0.0,0.0,0.0,0.0,79641521662.558685,0.0,0.0,0.0
-0.0,0.0,0.0,0.0,0.0,-0.0,0.0,0.0,0.0,0.0,0.0,0.0,0.0,0.0
-32258395712.075333,0.0,0.0,316975844379.7052,160319334556.07635,-178039430766.18124,0.0,0.0,0.0,0.0,329157682946.13031,0.0,0.0,0.0
-2704432372.4273911,0.0,0.0,26574158940.492191,13440618751.451742,-14926210355.599514,0.0,0.0,0.0,0.0,27595442170.717812,0.0,0.0,0.0
-0.0,0.0,0.0,0.0,0.0,-0.0,0.0,0.0,0.0,0.0,0.0,0.0,0.0,0.0
-19461581089.977478,0.0,0.0,191232420670.2728,96721106579.592514,-107411690587.34174,0.0,0.0,0.0,0.0,198581758225.72824,0.0,0.0,0.0
-10598558640.293667,0.0,0.0,104143030056.43095,52673229122.469566,-58495201190.477272,0.0,0.0,0.0,0.0,108145396806.0123,0.0,0.0,0.0
-0.0,0.0,0.0,0.0,0.0,-0.0,0.0,0.0,0.0,0.0,0.0,0.0,0.0,0.0
-0.0,0.0,0.0,0.0,0.0,-0.0,0.0,0.0,0.0,0.0,0.0,0.0,0.0,0.0
-9035767931.9832153,0.0,0.0,88786813684.826599,44906396306.510162,-49869900335.539955,0.0,0.0,0.0,0.0,92199018905.866074,0.0,0.0,0.0
-13753187783.868288,0.0,0.0,135140890130.26848,68351257552.127983,-75906122118.27124,0.0,0.0,0.0,0.0,140334549320.64471,0.0,0.0,0.0
-9190003862.6943111,0.0,0.0,90302359120.10498,45672925491.561478,-50721153992.187744,0.0,0.0,0.0,0.0,93772808936.623856,0.0,0.0,0.0
-0.0,0.0,0.0,0.0,0.0,-0.0,0.0,0.0,0.0,0.0,0.0,0.0,0.0,0.0
-8026454412.9080925,0.0,0.0,78869147356.710678,39890261183.708511,-44299331792.558144,0.0,0.0,0.0,0.0,81900202366.126907,0.0,0.0,0.0
-18438006347.055111,-89155837185.744476,0.0,0.0,0.0,53173735017.45401,50423038169.426056,0.0,0.0,293520095422.98865,0.0,95407740358.551605,48206203055.016884,0.0
-0.0,-0.0,0.0,0.0,0.0,0.0,0.0,0.0,0.0,0.0,0.0,0.0,0.0,0.0
-0.0,-0.0,0.0,0.0,0.0,0.0,0.0,0.0,0.0,0.0,0.0,0.0,0.0,0.0
-12538571493.105597,-60629485506.153259,0.0,0.0,0.0,36160236932.464638,34289654590.98674,0.0,0.0,199605241035.84201,0.0,64881026232.66658,32782119283.3592,0.0
-3560467360.2510161,-17216419297.219597,0.0,0.0,0.0,10268102981.888815,9736930242.2225704,0.0,0.0,56680136651.446136,0.0,18423691752.128197,9308848760.9960041,0.0
-9290694294.7089157,-44924576567.026253,0.0,0.0,0.0,26793618965.964176,25407575213.108604,0.0,0.0,147901319947.44272,0.0,48074836960.984131,24290538101.716068,0.0
-0.0,-0.0,0.0,0.0,0.0,0.0,0.0,0.0,0.0,0.0,0.0,0.0,0.0,0.0
-0.0,-0.0,0.0,0.0,0.0,0.0,0.0,0.0,0.0,0.0,0.0,0.0,0.0,0.0
-0.0,-0.0,0.0,0.0,0.0,0.0,0.0,0.0,0.0,0.0,0.0,0.0,0.0,0.0
-0.0,-0.0,0.0,0.0,0.0,0.0,0.0,0.0,0.0,0.0,0.0,0.0,0.0,0.0
-7340007387.9878092,-35492150903.295639,0.0,0.0,0.0,21167994008.059113,20072965901.082424,0.0,0.0,116847756117.17519,0.0,37980978307.605431,19190463432.462055,0.0
-0.0,-0.0,0.0,0.0,0.0,0.0,0.0,0.0,0.0,0.0,0.0,0.0,0.0,0.0
-0.0,-0.0,0.0,0.0,0.0,0.0,0.0,0.0,0.0,0.0,0.0,0.0,0.0,0.0
-0.0,-0.0,0.0,0.0,0.0,0.0,0.0,0.0,0.0,0.0,0.0,0.0,0.0,0.0
40266335722.582275,0.0,0.0,0.0,0.0,157244270450.53156,78596494367.159988,0.0,0.0,27147073671.019787,65367960036.953773,0.0,81459050558.754288,-37888018111.346161
21223539559.424229,0.0,0.0,0.0,0.0,82880151235.813492,41426560860.316307,0.0,0.0,14308652169.121273,34454078347.762314,0.0,42935354086.298988,-19969978315.244843
0.0,0.0,0.0,0.0,0.0,0.0,0.0,0.0,0.0,0.0,0.0,0.0,0.0,-0.0
0.0,0.0,0.0,0.0,0.0,0.0,0.0,0.0,0.0,0.0,0.0,0.0,0.0,-0.0
0.0,0.0,0.0,0.0,0.0,0.0,0.0,0.0,0.0,0.0,0.0,0.0,0.0,-0.0
33789571768.671192,0.0,0.0,0.0,0.0,131951826910.85562,65954396880.859283,0.0,0.0,22780518208.461945,54853647281.382988,0.0,68356516322.372917,-31793802047.601479
3209847190.5247898,0.0,0.0,0.0,0.0,12534790431.618412,6265351244.4649897,0.0,0.0,2164039925.4164915,5210833295.5978489,0.0,6493541065.6747522,-3020258643.0295048
0.0,0.0,0.0,0.0,0.0,0.0,0.0,0.0,0.0,0.0,0.0,0.0,0.0,-0.0
0.0,0.0,0.0,0.0,0.0,0.0,0.0,0.0,0.0,0.0,0.0,0.0,0.0,-0.0
24371512276.062351,0.0,0.0,0.0,0.0,95173315347.797287,47571138345.484962,0.0,0.0,16430977076.997322,39564465251.510735,0.0,49303722701.931221,-22932017079.430656
0.0,0.0,0.0,0.0,0.0,0.0,0.0,0.0,0.0,0.0,0.0,0.0,0.0,-0.0
4470899024.8031988,0.0,0.0,0.0,0.0,17459330301.537731,8726818164.9321079,0.0,0.0,3014225730.3525853,7258012022.6506891,0.0,9044656862.0913792,-4206826873.7635283
17308530178.081314,0.0,0.0,0.0,0.0,67591628380.951286,33784792438.474823,0.0,0.0,11669200473.534161,28098491920.751053,0.0,35015265471.084961,-16286207649.635889
0.0,0.0,0.0,0.0,0.0,0.0,0.0,0.0,0.0,0.0,0.0,0.0,0.0,-0.0
262116417.63299561,0.0,1804514520.6419678,0.0,0.0,1380106110.1633301,-1413921157.1469727,2000745483.0842285,0.0,0.0,0.0,1673055731.1199951,0.0,0.0
0.0,0.0,0.0,0.0,0.0,0.0,-0.0,0.0,0.0,0.0,0.0,0.0,0.0,0.0
0.0,0.0,0.0,0.0,0.0,0.0,-0.0,0.0,0.0,0.0,0.0,0.0,0.0,0.0
0.0,0.0,0.0,0.0,0.0,0.0,-0.0,0.0,0.0,0.0,0.0,0.0,0.0,0.0
0.0,0.0,0.0,0.0,0.0,0.0,-0.0,0.0,0.0,0.0,0.0,0.0,0.0,0.0
9770367087.3951416,0.0,67263124684.897705,0.0,0.0,51443337420.903809,-52703790410.041992,74577617055.452637,0.0,0.0,0.0,62363009529.605713,0.0,0.0
2806054789.4883423,0.0,19318006323.581177,0.0,0.0,14774554739.445068,-15136557529.663574,21418732546.606201,0.0,0.0,0.0,17910690561.792603,0.0,0.0
0.0,0.0,0.0,0.0,0.0,0.0,-0.0,0.0,0.0,0.0,0.0,0.0,0.0,0.0
0.0,0.0,0.0,0.0,0.0,0.0,-0.0,0.0,0.0,0.0,0.0,0.0,0.0,0.0
6441599157.0548706,0.0,44346551505.735718,0.0,0.0,33916572018.47583,-34747588175.771973,49168993433.146729,0.0,0.0,0.0,41115907521.588745,0.0,0.0
6211012440.9761353,0.0,42759100093.158325,0.0,0.0,32702477385.806396,-33503746071.69873,47408915469.240967,0.0,0.0,0.0,39644101862.334595,0.0,0.0
0.0,0.0,0.0,0.0,0.0,0.0,-0.0,0.0,0.0,0.0,0.0,0.0,0.0,0.0
2713513908.3776398,0.0,18680917791.602692,0.0,0.0,14287304697.596863,-14637368997.769897,20712364164.362732,0.0,0.0,0.0,17320013896.426544,0.0,0.0
7811984386.4432373,0.0,53780832912.58374,0.0,0.0,41131980520.680176,-42139786981.063477,59629200704.95166,0.0,0.0,0.0,49862902015.770264,0.0,0.0
0.0,0.0,49580220416.0,-49580220416.0
0.0,0.0,0.0,-0.0
0.0,0.0,43390877696.0,-43390877696.0
0.0,0.0,0.0,-0.0
0.0,0.0,0.0,-0.0
0.0,0.0,34536771584.0,-34536771584.0
0.0,0.0,107277393920.0,-107277393920.0
0.0,0.0,127488983040.0,-127488983040.0
0.0,0.0,0.0,-0.0
0.0,0.0,0.0,-0.0
0.0,0.0,0.0,-0.0
0.0,0.0,189226401792.0,-189226401792.0
0.0,0.0,0.0,-0.0
0.0,0.0,0.0,-0.0
